seed,workload,batch,policy,mean_speedup,accepted_tokens_per_step,mean_K,n_steps
0,humaneval,1,fixed_1,1.5917,1.91,1.0,400
0,humaneval,1,fixed_2,1.9411,2.7175,2.0,400
0,humaneval,1,fixed_4,2.2236,4.0025,4.0,400
0,humaneval,1,fixed_8,2.1048,5.4725,8.0,400
0,humaneval,1,content_only,2.1797,4.3675,4.9,400
0,humaneval,1,load_only,2.1843,3.8875,3.882,400
0,humaneval,1,combined,2.1797,4.3675,4.9,400
0,humaneval,1,nightjar,2.0266,3.7725,4.125,400
0,humaneval,1,tapout,2.0867,4.905,6.59,400
0,humaneval,1,oracle,2.5575,5.275,4.558,400
0,humaneval,4,fixed_1,1.6104,1.9325,1.0,400
0,humaneval,4,fixed_2,2.0036,2.805,2.0,400
0,humaneval,4,fixed_4,2.3694,4.265,4.0,400
0,humaneval,4,fixed_8,2.2827,5.935,8.0,400
0,humaneval,4,content_only,2.3119,4.66,4.995,400
0,humaneval,4,load_only,2.352,4.21,3.935,400
0,humaneval,4,combined,2.3316,4.4175,4.362,400
0,humaneval,4,nightjar,2.1799,4.1125,4.225,400
0,humaneval,4,tapout,2.2302,5.27,6.628,400
0,humaneval,4,oracle,2.6817,5.63,4.878,400
0,humaneval,8,fixed_1,1.6104,1.9325,1.0,400
0,humaneval,8,fixed_2,1.975,2.765,2.0,400
0,humaneval,8,fixed_4,2.3167,4.17,4.0,400
0,humaneval,8,fixed_8,1.7563,5.845,8.0,400
0,humaneval,8,content_only,2.2677,4.105,3.935,400
0,humaneval,8,load_only,2.2579,4.105,3.973,400
0,humaneval,8,combined,2.2365,4.0875,3.913,400
0,humaneval,8,nightjar,2.0544,3.91,3.853,400
0,humaneval,8,tapout,1.8034,5.2075,6.685,400
0,humaneval,8,oracle,2.4291,4.17,3.337,400
0,humaneval,16,fixed_1,1.6146,1.9375,1.0,400
0,humaneval,16,fixed_2,1.8122,2.8125,2.0,400
0,humaneval,16,fixed_4,1.5864,4.315,4.0,400
0,humaneval,16,fixed_8,1.205,6.0925,8.0,400
0,humaneval,16,content_only,1.7319,3.18,2.51,400
0,humaneval,16,load_only,1.731,3.0375,2.353,400
0,humaneval,16,combined,1.7168,3.1825,2.538,400
0,humaneval,16,nightjar,1.6027,3.4375,3.163,400
0,humaneval,16,tapout,1.3375,5.435,6.718,400
0,humaneval,16,oracle,1.8476,2.8125,1.875,400
0,humaneval,32,fixed_1,1.0974,1.905,1.0,400
0,humaneval,32,fixed_2,0.9819,2.655,2.0,400
0,humaneval,32,fixed_4,0.8238,3.8225,4.0,400
0,humaneval,32,fixed_8,0.5939,5.055,8.0,400
0,humaneval,32,content_only,1.0177,2.5325,1.972,400
0,humaneval,32,load_only,1.0235,2.435,1.855,400
0,humaneval,32,combined,1.0167,2.5125,1.968,400
0,humaneval,32,nightjar,0.9172,3.0925,3.147,400
0,humaneval,32,tapout,0.6997,4.585,6.415,400
0,humaneval,32,oracle,1.0974,1.905,1.0,400
0,humaneval,64,fixed_1,0.8545,1.88,1.0,400
0,humaneval,64,fixed_2,0.7809,2.655,2.0,400
0,humaneval,64,fixed_4,0.6526,3.785,4.0,400
0,humaneval,64,fixed_8,0.4818,5.1075,8.0,400
0,humaneval,64,content_only,0.7836,2.58,2.14,400
0,humaneval,64,load_only,0.7807,2.8425,2.435,400
0,humaneval,64,combined,0.7825,2.5125,2.112,400
0,humaneval,64,nightjar,0.7185,3.19,3.31,400
0,humaneval,64,tapout,0.5593,4.6475,6.433,400
0,humaneval,64,oracle,0.8545,1.88,1.0,400
0,gsm8k,1,fixed_1,1.4313,1.7175,1.0,400
0,gsm8k,1,fixed_2,1.5768,2.2075,2.0,400
0,gsm8k,1,fixed_4,1.4972,2.695,4.0,400
0,gsm8k,1,fixed_8,1.1365,2.955,8.0,400
0,gsm8k,1,content_only,1.5582,2.5075,3.005,400
0,gsm8k,1,load_only,1.4908,2.055,1.975,400
0,gsm8k,1,combined,1.5582,2.5075,3.005,400
0,gsm8k,1,nightjar,1.4848,2.48,3.475,400
0,gsm8k,1,tapout,1.3495,2.77,5.197,400
0,gsm8k,1,oracle,1.8174,2.8675,2.285,400
0,gsm8k,4,fixed_1,1.4687,1.7625,1.0,400
0,gsm8k,4,fixed_2,1.6357,2.29,2.0,400
0,gsm8k,4,fixed_4,1.5875,2.8575,4.0,400
0,gsm8k,4,fixed_8,1.1904,3.095,8.0,400
0,gsm8k,4,content_only,1.6282,2.545,2.777,400
0,gsm8k,4,load_only,1.6222,2.825,3.665,400
0,gsm8k,4,combined,1.6158,2.57,2.905,400
0,gsm8k,4,nightjar,1.5319,2.505,3.348,400
0,gsm8k,4,tapout,1.3982,2.9075,5.388,400
0,gsm8k,4,oracle,1.8839,2.9925,2.397,400
0,gsm8k,8,fixed_1,1.5042,1.805,1.0,400
0,gsm8k,8,fixed_2,1.7339,2.4275,2.0,400
0,gsm8k,8,fixed_4,1.7556,3.16,4.0,400
0,gsm8k,8,fixed_8,1.078,3.5875,8.0,400
0,gsm8k,8,content_only,1.7765,3.1025,3.603,400
0,gsm8k,8,load_only,1.6793,2.385,2.135,400
0,gsm8k,8,combined,1.7531,2.865,3.083,400
0,gsm8k,8,nightjar,1.6568,2.8075,3.34,400
0,gsm8k,8,tapout,1.3435,3.375,5.82,400
0,gsm8k,8,oracle,1.9933,3.16,2.522,400
0,gsm8k,16,fixed_1,1.4542,1.745,1.0,400
0,gsm8k,16,fixed_2,1.4433,2.24,2.0,400
0,gsm8k,16,fixed_4,1.0221,2.78,4.0,400
0,gsm8k,16,fixed_8,0.6141,3.105,8.0,400
0,gsm8k,16,content_only,1.438,2.1475,1.843,400
0,gsm8k,16,load_only,1.4233,2.02,1.673,400
0,gsm8k,16,combined,1.4326,2.0475,1.675,400
0,gsm8k,16,nightjar,1.2812,2.315,2.79,400
0,gsm8k,16,tapout,0.9403,2.9425,5.272,400
0,gsm8k,16,oracle,1.586,2.24,1.495,400
0,gsm8k,32,fixed_1,1.0037,1.7425,1.0,400
0,gsm8k,32,fixed_2,0.8524,2.305,2.0,400
0,gsm8k,32,fixed_4,0.6148,2.8525,4.0,400
0,gsm8k,32,fixed_8,0.3662,3.1175,8.0,400
0,gsm8k,32,content_only,0.9235,1.995,1.725,400
0,gsm8k,32,load_only,0.9206,2.0525,1.728,400
0,gsm8k,32,combined,0.9144,2.0225,1.8,400
0,gsm8k,32,nightjar,0.7836,2.38,3.01,400
0,gsm8k,32,tapout,0.5601,2.9475,5.3,400
0,gsm8k,32,oracle,1.0037,1.7425,1.0,400
0,gsm8k,64,fixed_1,0.7989,1.7575,1.0,400
0,gsm8k,64,fixed_2,0.6713,2.2825,2.0,400
0,gsm8k,64,fixed_4,0.4905,2.845,4.0,400
0,gsm8k,64,fixed_8,0.2979,3.1575,8.0,400
0,gsm8k,64,content_only,0.7183,2.075,1.883,400
0,gsm8k,64,load_only,0.7055,2.1475,1.985,400
0,gsm8k,64,combined,0.7111,2.06,1.935,400
0,gsm8k,64,nightjar,0.6142,2.42,3.152,400
0,gsm8k,64,tapout,0.446,3.0025,5.335,400
0,gsm8k,64,oracle,0.7989,1.7575,1.0,400
0,mt_bench,1,fixed_1,1.4104,1.6925,1.0,400
0,mt_bench,1,fixed_2,1.5429,2.16,2.0,400
0,mt_bench,1,fixed_4,1.4403,2.5925,4.0,400
0,mt_bench,1,fixed_8,1.0837,2.8175,8.0,400
0,mt_bench,1,content_only,1.507,2.52,3.305,400
0,mt_bench,1,load_only,1.4951,2.1475,2.25,400
0,mt_bench,1,combined,1.507,2.52,3.305,400
0,mt_bench,1,nightjar,1.4198,2.2725,3.232,400
0,mt_bench,1,tapout,1.3336,2.665,4.91,400
0,mt_bench,1,oracle,1.764,2.7,2.112,400
0,mt_bench,4,fixed_1,1.4792,1.775,1.0,400
0,mt_bench,4,fixed_2,1.675,2.345,2.0,400
0,mt_bench,4,fixed_4,1.6472,2.965,4.0,400
0,mt_bench,4,fixed_8,1.2663,3.2925,8.0,400
0,mt_bench,4,content_only,1.6932,2.815,3.185,400
0,mt_bench,4,load_only,1.6103,2.305,2.24,400
0,mt_bench,4,combined,1.6957,2.77,3.085,400
0,mt_bench,4,nightjar,1.6108,2.6675,3.405,400
0,mt_bench,4,tapout,1.4672,3.09,5.463,400
0,mt_bench,4,oracle,1.943,3.145,2.52,400
0,mt_bench,8,fixed_1,1.4625,1.755,1.0,400
0,mt_bench,8,fixed_2,1.6446,2.3025,2.0,400
0,mt_bench,8,fixed_4,1.5819,2.8475,4.0,400
0,mt_bench,8,fixed_8,0.9443,3.1425,8.0,400
0,mt_bench,8,content_only,1.6013,2.3125,2.26,400
0,mt_bench,8,load_only,1.5947,2.2675,2.145,400
0,mt_bench,8,combined,1.5692,2.3575,2.52,400
0,mt_bench,8,nightjar,1.5118,2.5575,3.288,400
0,mt_bench,8,tapout,1.2594,2.9525,5.372,400
0,mt_bench,8,oracle,1.8712,2.8475,2.197,400
0,mt_bench,16,fixed_1,1.4729,1.7675,1.0,400
0,mt_bench,16,fixed_2,1.4948,2.32,2.0,400
0,mt_bench,16,fixed_4,1.0542,2.8675,4.0,400
0,mt_bench,16,fixed_8,0.6107,3.0875,8.0,400
0,mt_bench,16,content_only,1.4782,2.23,1.923,400
0,mt_bench,16,load_only,1.4555,2.125,1.765,400
0,mt_bench,16,combined,1.448,2.1975,1.945,400
0,mt_bench,16,nightjar,1.2979,2.3225,2.757,400
0,mt_bench,16,tapout,0.9114,2.925,5.505,400
0,mt_bench,16,oracle,1.6201,2.32,1.552,400
0,mt_bench,32,fixed_1,1.0009,1.7375,1.0,400
0,mt_bench,32,fixed_2,0.8358,2.26,2.0,400
0,mt_bench,32,fixed_4,0.604,2.8025,4.0,400
0,mt_bench,32,fixed_8,0.3592,3.0575,8.0,400
0,mt_bench,32,content_only,0.9048,1.9775,1.762,400
0,mt_bench,32,load_only,0.9073,1.9825,1.677,400
0,mt_bench,32,combined,0.9032,2.0275,1.82,400
0,mt_bench,32,nightjar,0.7807,2.29,2.96,400
0,mt_bench,32,tapout,0.5543,2.89,5.263,400
0,mt_bench,32,oracle,1.0009,1.7375,1.0,400
0,mt_bench,64,fixed_1,0.7943,1.7475,1.0,400
0,mt_bench,64,fixed_2,0.6603,2.245,2.0,400
0,mt_bench,64,fixed_4,0.4591,2.6625,4.0,400
0,mt_bench,64,fixed_8,0.2705,2.8675,8.0,400
0,mt_bench,64,content_only,0.7114,2.0475,1.923,400
0,mt_bench,64,load_only,0.7149,1.98,1.762,400
0,mt_bench,64,combined,0.7068,1.9925,1.895,400
0,mt_bench,64,nightjar,0.5958,2.265,3.107,400
0,mt_bench,64,tapout,0.4433,2.71,5.03,400
0,mt_bench,64,oracle,0.7943,1.7475,1.0,400
0,spec_bench,1,fixed_1,1.5229,1.8275,1.0,400
0,spec_bench,1,fixed_2,1.7804,2.4925,2.0,400
0,spec_bench,1,fixed_4,1.9,3.42,4.0,400
0,spec_bench,1,fixed_8,1.6192,4.21,8.0,400
0,spec_bench,1,content_only,1.8563,3.325,3.885,400
0,spec_bench,1,load_only,1.7354,2.585,2.525,400
0,spec_bench,1,combined,1.8563,3.325,3.885,400
0,spec_bench,1,nightjar,1.7456,3.025,3.665,400
0,spec_bench,1,tapout,1.7232,3.875,6.093,400
0,spec_bench,1,oracle,2.1966,3.9825,3.3,400
0,spec_bench,4,fixed_1,1.5208,1.825,1.0,400
0,spec_bench,4,fixed_2,1.775,2.485,2.0,400
0,spec_bench,4,fixed_4,1.875,3.375,4.0,400
0,spec_bench,4,fixed_8,1.5635,4.065,8.0,400
0,spec_bench,4,content_only,1.8231,3.015,3.215,400
0,spec_bench,4,load_only,1.8323,3.025,3.243,400
0,spec_bench,4,combined,1.8222,3.2275,3.812,400
0,spec_bench,4,nightjar,1.7191,2.975,3.667,400
0,spec_bench,4,tapout,1.666,3.7425,6.115,400
0,spec_bench,4,oracle,2.1597,3.845,3.185,400
0,spec_bench,8,fixed_1,1.4438,1.7325,1.0,400
0,spec_bench,8,fixed_2,1.6214,2.27,2.0,400
0,spec_bench,8,fixed_4,1.6431,2.9575,4.0,400
0,spec_bench,8,fixed_8,1.0374,3.4525,8.0,400
0,spec_bench,8,content_only,1.6418,2.515,2.62,400
0,spec_bench,8,load_only,1.5931,2.32,2.328,400
0,spec_bench,8,combined,1.6963,2.865,3.303,400
0,spec_bench,8,nightjar,1.5368,2.6525,3.4,400
0,spec_bench,8,tapout,1.2812,3.2175,5.675,400
0,spec_bench,8,oracle,1.8959,2.9575,2.317,400
0,spec_bench,16,fixed_1,1.5021,1.8025,1.0,400
0,spec_bench,16,fixed_2,1.5448,2.3975,2.0,400
0,spec_bench,16,fixed_4,1.159,3.1525,4.0,400
0,spec_bench,16,fixed_8,0.7358,3.72,8.0,400
0,spec_bench,16,content_only,1.5257,2.335,1.935,400
0,spec_bench,16,load_only,1.5361,2.3225,1.913,400
0,spec_bench,16,combined,1.498,2.3975,2.058,400
0,spec_bench,16,nightjar,1.3644,2.56,2.86,400
0,spec_bench,16,tapout,0.9628,3.4375,5.942,400
0,spec_bench,16,oracle,1.6605,2.3975,1.595,400
0,spec_bench,32,fixed_1,1.034,1.795,1.0,400
0,spec_bench,32,fixed_2,0.8857,2.395,2.0,400
0,spec_bench,32,fixed_4,0.6762,3.1375,4.0,400
0,spec_bench,32,fixed_8,0.4206,3.58,8.0,400
0,spec_bench,32,content_only,0.9555,2.095,1.702,400
0,spec_bench,32,load_only,0.9552,2.06,1.645,400
0,spec_bench,32,combined,0.938,2.1975,1.887,400
0,spec_bench,32,nightjar,0.8159,2.555,3.045,400
0,spec_bench,32,tapout,0.5847,3.3825,5.835,400
0,spec_bench,32,oracle,1.034,1.795,1.0,400
0,spec_bench,64,fixed_1,0.85,1.87,1.0,400
0,spec_bench,64,fixed_2,0.7684,2.6125,2.0,400
0,spec_bench,64,fixed_4,0.6422,3.725,4.0,400
0,spec_bench,64,fixed_8,0.446,4.7275,8.0,400
0,spec_bench,64,content_only,0.7739,2.525,2.13,400
0,spec_bench,64,load_only,0.7709,2.6025,2.23,400
0,spec_bench,64,combined,0.7729,2.565,2.185,400
0,spec_bench,64,nightjar,0.7001,3.1,3.31,400
0,spec_bench,64,tapout,0.5274,4.3,6.41,400
0,spec_bench,64,oracle,0.85,1.87,1.0,400
1,humaneval,1,fixed_1,1.5479,1.8575,1.0,400
1,humaneval,1,fixed_2,1.8411,2.5775,2.0,400
1,humaneval,1,fixed_4,2.0333,3.66,4.0,400
1,humaneval,1,fixed_8,1.8135,4.715,8.0,400
1,humaneval,1,content_only,2.014,3.505,3.623,400
1,humaneval,1,load_only,2.0332,3.6675,4.01,400
1,humaneval,1,combined,2.014,3.505,3.623,400
1,humaneval,1,nightjar,1.9127,3.6,4.188,400
1,humaneval,1,tapout,1.8429,4.205,6.228,400
1,humaneval,1,oracle,2.3343,4.475,3.79,400
1,humaneval,4,fixed_1,1.525,1.83,1.0,400
1,humaneval,4,fixed_2,1.8161,2.5425,2.0,400
1,humaneval,4,fixed_4,1.9917,3.585,4.0,400
1,humaneval,4,fixed_8,1.7115,4.45,8.0,400
1,humaneval,4,content_only,1.9716,3.4525,3.71,400
1,humaneval,4,load_only,1.9862,3.5375,3.885,400
1,humaneval,4,combined,1.9702,3.5025,3.853,400
1,humaneval,4,nightjar,1.8018,3.1925,3.812,400
1,humaneval,4,tapout,1.7586,4.0475,6.495,400
1,humaneval,4,oracle,2.2603,4.2225,3.583,400
1,humaneval,8,fixed_1,1.5896,1.9075,1.0,400
1,humaneval,8,fixed_2,1.9482,2.7275,2.0,400
1,humaneval,8,fixed_4,2.2583,4.065,4.0,400
1,humaneval,8,fixed_8,1.7082,5.685,8.0,400
1,humaneval,8,content_only,2.174,3.755,3.53,400
1,humaneval,8,load_only,2.1353,3.565,3.255,400
1,humaneval,8,combined,2.0872,3.705,3.518,400
1,humaneval,8,nightjar,1.9894,3.63,3.678,400
1,humaneval,8,tapout,1.7822,5.1175,6.688,400
1,humaneval,8,oracle,2.3803,4.065,3.26,400
1,humaneval,16,fixed_1,1.5937,1.9125,1.0,400
1,humaneval,16,fixed_2,1.7542,2.7225,2.0,400
1,humaneval,16,fixed_4,1.4449,3.93,4.0,400
1,humaneval,16,fixed_8,1.0136,5.125,8.0,400
1,humaneval,16,content_only,1.6812,2.82,2.22,400
1,humaneval,16,load_only,1.7084,2.7025,2.067,400
1,humaneval,16,combined,1.6805,2.6625,2.053,400
1,humaneval,16,nightjar,1.5339,3.085,3.0,400
1,humaneval,16,tapout,1.1851,4.6075,6.598,400
1,humaneval,16,oracle,1.8095,2.7225,1.81,400
1,humaneval,32,fixed_1,1.0974,1.905,1.0,400
1,humaneval,32,fixed_2,0.9967,2.695,2.0,400
1,humaneval,32,fixed_4,0.8394,3.895,4.0,400
1,humaneval,32,fixed_8,0.5983,5.0925,8.0,400
1,humaneval,32,content_only,1.0142,2.6125,2.055,400
1,humaneval,32,load_only,1.0174,2.6175,2.045,400
1,humaneval,32,combined,1.0115,2.635,2.092,400
1,humaneval,32,nightjar,0.926,3.205,3.2,400
1,humaneval,32,tapout,0.697,4.5975,6.5,400
1,humaneval,32,oracle,1.0974,1.905,1.0,400
1,humaneval,64,fixed_1,0.8807,1.9375,1.0,400
1,humaneval,64,fixed_2,0.8257,2.8075,2.0,400
1,humaneval,64,fixed_4,0.7401,4.2925,4.0,400
1,humaneval,64,fixed_8,0.584,6.19,8.0,400
1,humaneval,64,content_only,0.8191,2.8175,2.25,400
1,humaneval,64,load_only,0.8198,2.88,2.31,400
1,humaneval,64,combined,0.8123,2.9775,2.433,400
1,humaneval,64,nightjar,0.7761,3.625,3.393,400
1,humaneval,64,tapout,0.6352,5.52,6.737,400
1,humaneval,64,oracle,0.8807,1.9375,1.0,400
1,gsm8k,1,fixed_1,1.5354,1.8425,1.0,400
1,gsm8k,1,fixed_2,1.8125,2.5375,2.0,400
1,gsm8k,1,fixed_4,1.9139,3.445,4.0,400
1,gsm8k,1,fixed_8,1.5856,4.1225,8.0,400
1,gsm8k,1,content_only,1.8875,3.3,3.712,400
1,gsm8k,1,load_only,1.9069,3.36,3.77,400
1,gsm8k,1,combined,1.8875,3.3,3.712,400
1,gsm8k,1,nightjar,1.8061,3.2025,3.812,400
1,gsm8k,1,tapout,1.7123,3.8075,6.05,400
1,gsm8k,1,oracle,2.1837,3.8475,3.175,400
1,gsm8k,4,fixed_1,1.4833,1.78,1.0,400
1,gsm8k,4,fixed_2,1.6571,2.32,2.0,400
1,gsm8k,4,fixed_4,1.6292,2.9325,4.0,400
1,gsm8k,4,fixed_8,1.2933,3.3625,8.0,400
1,gsm8k,4,content_only,1.6592,2.4525,2.405,400
1,gsm8k,4,load_only,1.623,2.3225,2.22,400
1,gsm8k,4,combined,1.5936,2.4925,2.862,400
1,gsm8k,4,nightjar,1.5628,2.63,3.507,400
1,gsm8k,4,tapout,1.4703,3.12,5.54,400
1,gsm8k,4,oracle,1.9499,3.225,2.595,400
1,gsm8k,8,fixed_1,1.5208,1.825,1.0,400
1,gsm8k,8,fixed_2,1.7536,2.455,2.0,400
1,gsm8k,8,fixed_4,1.8583,3.345,4.0,400
1,gsm8k,8,fixed_8,1.2628,4.2025,8.0,400
1,gsm8k,8,content_only,1.8838,3.2275,3.417,400
1,gsm8k,8,load_only,1.8839,3.305,3.667,400
1,gsm8k,8,combined,1.8326,2.9875,3.038,400
1,gsm8k,8,nightjar,1.7329,3.1,3.572,400
1,gsm8k,8,tapout,1.4859,3.8575,5.815,400
1,gsm8k,8,oracle,2.0843,3.345,2.6,400
1,gsm8k,16,fixed_1,1.4854,1.7825,1.0,400
1,gsm8k,16,fixed_2,1.5174,2.355,2.0,400
1,gsm8k,16,fixed_4,1.1232,3.055,4.0,400
1,gsm8k,16,fixed_8,0.6997,3.5375,8.0,400
1,gsm8k,16,content_only,1.5023,2.335,1.988,400
1,gsm8k,16,load_only,1.448,1.84,1.288,400
1,gsm8k,16,combined,1.4736,2.295,2.027,400
1,gsm8k,16,nightjar,1.3296,2.4575,2.828,400
1,gsm8k,16,tapout,0.9746,3.2825,5.678,400
1,gsm8k,16,oracle,1.6379,2.355,1.573,400
1,gsm8k,32,fixed_1,1.0585,1.8375,1.0,400
1,gsm8k,32,fixed_2,0.9116,2.465,2.0,400
1,gsm8k,32,fixed_4,0.6967,3.2325,4.0,400
1,gsm8k,32,fixed_8,0.4388,3.735,8.0,400
1,gsm8k,32,content_only,0.9807,2.1725,1.758,400
1,gsm8k,32,load_only,0.9814,2.0975,1.617,400
1,gsm8k,32,combined,0.9666,2.2325,1.857,400
1,gsm8k,32,nightjar,0.8451,2.7,3.083,400
1,gsm8k,32,tapout,0.5918,3.475,5.878,400
1,gsm8k,32,oracle,1.0585,1.8375,1.0,400
1,gsm8k,64,fixed_1,0.8136,1.79,1.0,400
1,gsm8k,64,fixed_2,0.6985,2.375,2.0,400
1,gsm8k,64,fixed_4,0.5293,3.07,4.0,400
1,gsm8k,64,fixed_8,0.333,3.53,8.0,400
1,gsm8k,64,content_only,0.7205,2.2325,2.09,400
1,gsm8k,64,load_only,0.7417,2.0275,1.73,400
1,gsm8k,64,combined,0.7161,2.1525,2.05,400
1,gsm8k,64,nightjar,0.6384,2.555,3.163,400
1,gsm8k,64,tapout,0.4588,3.265,5.655,400
1,gsm8k,64,oracle,0.8136,1.79,1.0,400
1,mt_bench,1,fixed_1,1.4042,1.685,1.0,400
1,mt_bench,1,fixed_2,1.5214,2.13,2.0,400
1,mt_bench,1,fixed_4,1.4375,2.5875,4.0,400
1,mt_bench,1,fixed_8,1.0846,2.82,8.0,400
1,mt_bench,1,content_only,1.5194,2.425,2.925,400
1,mt_bench,1,load_only,1.488,2.0775,2.053,400
1,mt_bench,1,combined,1.5194,2.425,2.925,400
1,mt_bench,1,nightjar,1.4314,2.3,3.243,400
1,mt_bench,1,tapout,1.3457,2.675,4.888,400
1,mt_bench,1,oracle,1.7496,2.7075,2.16,400
1,mt_bench,4,fixed_1,1.5063,1.8075,1.0,400
1,mt_bench,4,fixed_2,1.7143,2.4,2.0,400
1,mt_bench,4,fixed_4,1.7319,3.1175,4.0,400
1,mt_bench,4,fixed_8,1.3692,3.56,8.0,400
1,mt_bench,4,content_only,1.745,2.9375,3.348,400
1,mt_bench,4,load_only,1.7015,2.5675,2.562,400
1,mt_bench,4,combined,1.744,2.92,3.303,400
1,mt_bench,4,nightjar,1.6348,2.7425,3.487,400
1,mt_bench,4,tapout,1.5623,3.2925,5.585,400
1,mt_bench,4,oracle,2.0214,3.3575,2.703,400
1,mt_bench,8,fixed_1,1.3687,1.6425,1.0,400
1,mt_bench,8,fixed_2,1.5018,2.1025,2.0,400
1,mt_bench,8,fixed_4,1.4444,2.6,4.0,400
1,mt_bench,8,fixed_8,0.8564,2.85,8.0,400
1,mt_bench,8,content_only,1.4844,2.4325,3.038,400
1,mt_bench,8,load_only,1.4607,2.375,3.087,400
1,mt_bench,8,combined,1.484,2.3525,2.837,400
1,mt_bench,8,nightjar,1.4054,2.295,3.165,400
1,mt_bench,8,tapout,1.2332,2.725,4.822,400
1,mt_bench,8,oracle,1.7249,2.6,2.045,400
1,mt_bench,16,fixed_1,1.4375,1.725,1.0,400
1,mt_bench,16,fixed_2,1.4272,2.215,2.0,400
1,mt_bench,16,fixed_4,1.0055,2.735,4.0,400
1,mt_bench,16,fixed_8,0.6032,3.05,8.0,400
1,mt_bench,16,content_only,1.415,2.0925,1.84,400
1,mt_bench,16,load_only,1.3858,2.0725,1.825,400
1,mt_bench,16,combined,1.4114,2.0925,1.853,400
1,mt_bench,16,nightjar,1.2555,2.3275,2.855,400
1,mt_bench,16,tapout,0.9643,2.9,5.077,400
1,mt_bench,16,oracle,1.568,2.215,1.49,400
1,mt_bench,32,fixed_1,0.9577,1.6625,1.0,400
1,mt_bench,32,fixed_2,0.7776,2.1025,2.0,400
1,mt_bench,32,fixed_4,0.5506,2.555,4.0,400
1,mt_bench,32,fixed_8,0.3201,2.725,8.0,400
1,mt_bench,32,content_only,0.8492,1.8675,1.857,400
1,mt_bench,32,load_only,0.8885,1.755,1.49,400
1,mt_bench,32,combined,0.8512,1.83,1.87,400
1,mt_bench,32,nightjar,0.7221,2.09,2.967,400
1,mt_bench,32,tapout,0.523,2.585,4.995,400
1,mt_bench,32,oracle,0.9577,1.6625,1.0,400
1,mt_bench,64,fixed_1,0.7989,1.7575,1.0,400
1,mt_bench,64,fixed_2,0.6706,2.28,2.0,400
1,mt_bench,64,fixed_4,0.4914,2.85,4.0,400
1,mt_bench,64,fixed_8,0.3038,3.22,8.0,400
1,mt_bench,64,content_only,0.7105,2.145,2.02,400
1,mt_bench,64,load_only,0.718,2.095,1.903,400
1,mt_bench,64,combined,0.7148,2.05,1.893,400
1,mt_bench,64,nightjar,0.606,2.3925,3.155,400
1,mt_bench,64,tapout,0.4474,2.9975,5.305,400
1,mt_bench,64,oracle,0.7989,1.7575,1.0,400
1,spec_bench,1,fixed_1,1.4792,1.775,1.0,400
1,spec_bench,1,fixed_2,1.7018,2.3825,2.0,400
1,spec_bench,1,fixed_4,1.7708,3.1875,4.0,400
1,spec_bench,1,fixed_8,1.4587,3.7925,8.0,400
1,spec_bench,1,content_only,1.7623,3.03,3.493,400
1,spec_bench,1,load_only,1.6551,2.3175,2.055,400
1,spec_bench,1,combined,1.7623,3.03,3.493,400
1,spec_bench,1,nightjar,1.6666,2.91,3.717,400
1,spec_bench,1,tapout,1.6013,3.5075,5.768,400
1,spec_bench,1,oracle,2.059,3.62,3.013,400
1,spec_bench,4,fixed_1,1.4167,1.7,1.0,400
1,spec_bench,4,fixed_2,1.5464,2.165,2.0,400
1,spec_bench,4,fixed_4,1.4861,2.675,4.0,400
1,spec_bench,4,fixed_8,1.1731,3.05,8.0,400
1,spec_bench,4,content_only,1.5439,2.5925,3.305,400
1,spec_bench,4,load_only,1.5143,2.225,2.438,400
1,spec_bench,4,combined,1.5325,2.3925,2.765,400
1,spec_bench,4,nightjar,1.4501,2.44,3.513,400
1,spec_bench,4,tapout,1.3773,2.8525,5.282,400
1,spec_bench,4,oracle,1.8196,2.96,2.385,400
1,spec_bench,8,fixed_1,1.4729,1.7675,1.0,400
1,spec_bench,8,fixed_2,1.6482,2.3075,2.0,400
1,spec_bench,8,fixed_4,1.6861,3.035,4.0,400
1,spec_bench,8,fixed_8,1.0795,3.5925,8.0,400
1,spec_bench,8,content_only,1.7226,2.8825,3.228,400
1,spec_bench,8,load_only,1.6819,2.8725,3.485,400
1,spec_bench,8,combined,1.6272,2.3875,2.342,400
1,spec_bench,8,nightjar,1.5429,2.64,3.34,400
1,spec_bench,8,tapout,1.3479,3.37,5.575,400
1,spec_bench,8,oracle,1.9378,3.035,2.365,400
1,spec_bench,16,fixed_1,1.4792,1.775,1.0,400
1,spec_bench,16,fixed_2,1.5448,2.3975,2.0,400
1,spec_bench,16,fixed_4,1.1866,3.2275,4.0,400
1,spec_bench,16,fixed_8,0.761,3.8475,8.0,400
1,spec_bench,16,content_only,1.4954,2.415,2.118,400
1,spec_bench,16,load_only,1.5028,2.4275,2.12,400
1,spec_bench,16,combined,1.4799,2.3775,2.098,400
1,spec_bench,16,nightjar,1.3557,2.6475,2.95,400
1,spec_bench,16,tapout,0.9845,3.5375,6.05,400
1,spec_bench,16,oracle,1.645,2.3975,1.623,400
1,spec_bench,32,fixed_1,0.9577,1.6625,1.0,400
1,spec_bench,32,fixed_2,0.7729,2.09,2.0,400
1,spec_bench,32,fixed_4,0.5469,2.5375,4.0,400
1,spec_bench,32,fixed_8,0.3166,2.695,8.0,400
1,spec_bench,32,content_only,0.858,1.92,1.83,400
1,spec_bench,32,load_only,0.8829,1.8225,1.583,400
1,spec_bench,32,combined,0.872,1.805,1.708,400
1,spec_bench,32,nightjar,0.7204,2.105,2.978,400
1,spec_bench,32,tapout,0.5031,2.5525,5.255,400
1,spec_bench,32,oracle,0.9577,1.6625,1.0,400
1,spec_bench,64,fixed_1,0.8318,1.83,1.0,400
1,spec_bench,64,fixed_2,0.7426,2.525,2.0,400
1,spec_bench,64,fixed_4,0.6047,3.5075,4.0,400
1,spec_bench,64,fixed_8,0.4238,4.4925,8.0,400
1,spec_bench,64,content_only,0.7555,2.4975,2.18,400
1,spec_bench,64,load_only,0.7444,2.5725,2.285,400
1,spec_bench,64,combined,0.7499,2.54,2.29,400
1,spec_bench,64,nightjar,0.678,2.8525,3.23,400
1,spec_bench,64,tapout,0.5227,4.16,6.192,400
1,spec_bench,64,oracle,0.8318,1.83,1.0,400
2,humaneval,1,fixed_1,1.6146,1.9375,1.0,400
2,humaneval,1,fixed_2,2.0018,2.8025,2.0,400
2,humaneval,1,fixed_4,2.3639,4.255,4.0,400
2,humaneval,1,fixed_8,2.3279,6.0525,8.0,400
2,humaneval,1,content_only,2.2938,3.99,3.652,400
2,humaneval,1,load_only,2.3276,4.53,4.683,400
2,humaneval,1,combined,2.2938,3.99,3.652,400
2,humaneval,1,nightjar,2.1923,4.175,4.287,400
2,humaneval,1,tapout,2.2772,5.41,6.747,400
2,humaneval,1,oracle,2.7143,5.8325,5.085,400
2,humaneval,4,fixed_1,1.6042,1.925,1.0,400
2,humaneval,4,fixed_2,1.9768,2.7675,2.0,400
2,humaneval,4,fixed_4,2.2819,4.1075,4.0,400
2,humaneval,4,fixed_8,2.1923,5.7,8.0,400
2,humaneval,4,content_only,2.2311,4.2275,4.38,400
2,humaneval,4,load_only,2.2565,4.405,4.707,400
2,humaneval,4,combined,2.2021,4.3075,4.662,400
2,humaneval,4,nightjar,2.0836,3.935,4.223,400
2,humaneval,4,tapout,2.1422,5.07,6.7,400
2,humaneval,4,oracle,2.6133,5.41,4.662,400
2,humaneval,8,fixed_1,1.6125,1.935,1.0,400
2,humaneval,8,fixed_2,1.9679,2.755,2.0,400
2,humaneval,8,fixed_4,2.2264,4.0075,4.0,400
2,humaneval,8,fixed_8,1.57,5.225,8.0,400
2,humaneval,8,content_only,2.1647,3.77,3.66,400
2,humaneval,8,load_only,2.1757,4.0275,4.07,400
2,humaneval,8,combined,2.1701,3.83,3.77,400
2,humaneval,8,nightjar,1.9653,3.6075,3.675,400
2,humaneval,8,tapout,1.655,4.655,6.625,400
2,humaneval,8,oracle,2.3667,4.0075,3.215,400
2,humaneval,16,fixed_1,1.6062,1.9275,1.0,400
2,humaneval,16,fixed_2,1.7606,2.7325,2.0,400
2,humaneval,16,fixed_4,1.432,3.895,4.0,400
2,humaneval,16,fixed_8,0.9741,4.925,8.0,400
2,humaneval,16,content_only,1.6869,2.8325,2.212,400
2,humaneval,16,load_only,1.6939,2.7675,2.147,400
2,humaneval,16,combined,1.7048,2.68,2.025,400
2,humaneval,16,nightjar,1.5183,3.0775,3.02,400
2,humaneval,16,tapout,1.1457,4.47,6.633,400
2,humaneval,16,oracle,1.8206,2.7325,1.805,400
2,humaneval,32,fixed_1,1.0916,1.895,1.0,400
2,humaneval,32,fixed_2,1.0013,2.7075,2.0,400
2,humaneval,32,fixed_4,0.8583,3.9825,4.0,400
2,humaneval,32,fixed_8,0.615,5.235,8.0,400
2,humaneval,32,content_only,1.0187,2.61,2.053,400
2,humaneval,32,load_only,1.0172,2.63,2.065,400
2,humaneval,32,combined,1.0211,2.5325,1.965,400
2,humaneval,32,nightjar,0.9368,3.12,3.115,400
2,humaneval,32,tapout,0.7055,4.73,6.57,400
2,humaneval,32,oracle,1.0916,1.895,1.0,400
2,humaneval,64,fixed_1,0.883,1.9425,1.0,400
2,humaneval,64,fixed_2,0.8206,2.79,2.0,400
2,humaneval,64,fixed_4,0.7228,4.1925,4.0,400
2,humaneval,64,fixed_8,0.5531,5.8625,8.0,400
2,humaneval,64,content_only,0.8149,3.01,2.445,400
2,humaneval,64,load_only,0.8137,2.9525,2.405,400
2,humaneval,64,combined,0.8122,2.9225,2.408,400
2,humaneval,64,nightjar,0.7624,3.475,3.342,400
2,humaneval,64,tapout,0.612,5.235,6.673,400
2,humaneval,64,oracle,0.883,1.9425,1.0,400
2,gsm8k,1,fixed_1,1.5063,1.8075,1.0,400
2,gsm8k,1,fixed_2,1.7036,2.385,2.0,400
2,gsm8k,1,fixed_4,1.7264,3.1075,4.0,400
2,gsm8k,1,fixed_8,1.3788,3.585,8.0,400
2,gsm8k,1,content_only,1.7245,2.79,3.075,400
2,gsm8k,1,load_only,1.7151,2.895,3.435,400
2,gsm8k,1,combined,1.7245,2.79,3.075,400
2,gsm8k,1,nightjar,1.6087,2.715,3.527,400
2,gsm8k,1,tapout,1.5391,3.325,5.768,400
2,gsm8k,1,oracle,2.031,3.3925,2.708,400
2,gsm8k,4,fixed_1,1.4542,1.745,1.0,400
2,gsm8k,4,fixed_2,1.6089,2.2525,2.0,400
2,gsm8k,4,fixed_4,1.5333,2.76,4.0,400
2,gsm8k,4,fixed_8,1.1529,2.9975,8.0,400
2,gsm8k,4,content_only,1.589,2.33,2.39,400
2,gsm8k,4,load_only,1.5673,2.3025,2.417,400
2,gsm8k,4,combined,1.5795,2.2425,2.178,400
2,gsm8k,4,nightjar,1.4817,2.39,3.272,400
2,gsm8k,4,tapout,1.3693,2.82,5.335,400
2,gsm8k,4,oracle,1.8391,2.8975,2.328,400
2,gsm8k,8,fixed_1,1.4479,1.7375,1.0,400
2,gsm8k,8,fixed_2,1.6286,2.28,2.0,400
2,gsm8k,8,fixed_4,1.6028,2.885,4.0,400
2,gsm8k,8,fixed_8,0.9976,3.32,8.0,400
2,gsm8k,8,content_only,1.6152,2.4675,2.638,400
2,gsm8k,8,load_only,1.5783,2.2,2.007,400
2,gsm8k,8,combined,1.6244,2.6725,3.145,400
2,gsm8k,8,nightjar,1.4911,2.4825,3.215,400
2,gsm8k,8,tapout,1.2546,3.095,5.59,400
2,gsm8k,8,oracle,1.8733,2.885,2.252,400
2,gsm8k,16,fixed_1,1.4354,1.7225,1.0,400
2,gsm8k,16,fixed_2,1.4336,2.225,2.0,400
2,gsm8k,16,fixed_4,1.0184,2.77,4.0,400
2,gsm8k,16,fixed_8,0.6097,3.0825,8.0,400
2,gsm8k,16,content_only,1.4014,2.1625,1.96,400
2,gsm8k,16,load_only,1.4142,2.0775,1.792,400
2,gsm8k,16,combined,1.3962,2.14,1.97,400
2,gsm8k,16,nightjar,1.2699,2.3225,2.822,400
2,gsm8k,16,tapout,0.924,2.9,5.32,400
2,gsm8k,16,oracle,1.5692,2.225,1.502,400
2,gsm8k,32,fixed_1,1.0556,1.8325,1.0,400
2,gsm8k,32,fixed_2,0.9264,2.505,2.0,400
2,gsm8k,32,fixed_4,0.7182,3.3325,4.0,400
2,gsm8k,32,fixed_8,0.467,3.975,8.0,400
2,gsm8k,32,content_only,0.9774,2.125,1.675,400
2,gsm8k,32,load_only,0.9867,2.0525,1.552,400
2,gsm8k,32,combined,0.9778,2.1425,1.71,400
2,gsm8k,32,nightjar,0.8582,2.6675,3.027,400
2,gsm8k,32,tapout,0.607,3.685,6.048,400
2,gsm8k,32,oracle,1.0556,1.8325,1.0,400
2,gsm8k,64,fixed_1,0.7818,1.72,1.0,400
2,gsm8k,64,fixed_2,0.6559,2.23,2.0,400
2,gsm8k,64,fixed_4,0.481,2.79,4.0,400
2,gsm8k,64,fixed_8,0.2936,3.1125,8.0,400
2,gsm8k,64,content_only,0.6955,2.0325,1.927,400
2,gsm8k,64,load_only,0.7093,2.0425,1.85,400
2,gsm8k,64,combined,0.6844,2.2075,2.188,400
2,gsm8k,64,nightjar,0.5989,2.37,3.165,400
2,gsm8k,64,tapout,0.4493,2.9175,5.138,400
2,gsm8k,64,oracle,0.7818,1.72,1.0,400
2,mt_bench,1,fixed_1,1.4583,1.75,1.0,400
2,mt_bench,1,fixed_2,1.6304,2.2825,2.0,400
2,mt_bench,1,fixed_4,1.6208,2.9175,4.0,400
2,mt_bench,1,fixed_8,1.2663,3.2925,8.0,400
2,mt_bench,1,content_only,1.6618,2.8175,3.393,400
2,mt_bench,1,load_only,1.5081,2.16,2.245,400
2,mt_bench,1,combined,1.6618,2.8175,3.393,400
2,mt_bench,1,nightjar,1.5711,2.7725,3.785,400
2,mt_bench,1,tapout,1.4691,3.09,5.34,400
2,mt_bench,1,oracle,1.9102,3.0975,2.493,400
2,mt_bench,4,fixed_1,1.4979,1.7975,1.0,400
2,mt_bench,4,fixed_2,1.6964,2.375,2.0,400
2,mt_bench,4,fixed_4,1.7083,3.075,4.0,400
2,mt_bench,4,fixed_8,1.324,3.4425,8.0,400
2,mt_bench,4,content_only,1.6663,2.4975,2.555,400
2,mt_bench,4,load_only,1.6308,2.55,2.89,400
2,mt_bench,4,combined,1.7229,2.9575,3.505,400
2,mt_bench,4,nightjar,1.6123,2.72,3.518,400
2,mt_bench,4,tapout,1.5186,3.18,5.465,400
2,mt_bench,4,oracle,1.9938,3.2625,2.607,400
2,mt_bench,8,fixed_1,1.4208,1.705,1.0,400
2,mt_bench,8,fixed_2,1.575,2.205,2.0,400
2,mt_bench,8,fixed_4,1.5347,2.7625,4.0,400
2,mt_bench,8,fixed_8,0.936,3.115,8.0,400
2,mt_bench,8,content_only,1.5852,2.6325,3.155,400
2,mt_bench,8,load_only,1.5122,2.1075,2.02,400
2,mt_bench,8,combined,1.5858,2.63,3.175,400
2,mt_bench,8,nightjar,1.4578,2.3575,3.123,400
2,mt_bench,8,tapout,1.2768,2.9525,5.11,400
2,mt_bench,8,oracle,1.8044,2.7625,2.19,400
2,mt_bench,16,fixed_1,1.4479,1.7375,1.0,400
2,mt_bench,16,fixed_2,1.4256,2.2125,2.0,400
2,mt_bench,16,fixed_4,0.9881,2.6875,4.0,400
2,mt_bench,16,fixed_8,0.5756,2.91,8.0,400
2,mt_bench,16,content_only,1.4074,2.2325,2.042,400
2,mt_bench,16,load_only,1.4157,1.785,1.258,400
2,mt_bench,16,combined,1.418,2.1425,1.927,400
2,mt_bench,16,nightjar,1.2638,2.23,2.74,400
2,mt_bench,16,tapout,0.9341,2.735,4.997,400
2,mt_bench,16,oracle,1.5744,2.2125,1.475,400
2,mt_bench,32,fixed_1,1.0196,1.77,1.0,400
2,mt_bench,32,fixed_2,0.8534,2.3075,2.0,400
2,mt_bench,32,fixed_4,0.6331,2.9375,4.0,400
2,mt_bench,32,fixed_8,0.3739,3.1825,8.0,400
2,mt_bench,32,content_only,0.9226,2.115,1.843,400
2,mt_bench,32,load_only,0.9482,1.995,1.603,400
2,mt_bench,32,combined,0.921,2.08,1.827,400
2,mt_bench,32,nightjar,0.7904,2.475,3.05,400
2,mt_bench,32,tapout,0.5582,2.98,5.43,400
2,mt_bench,32,oracle,1.0196,1.77,1.0,400
2,mt_bench,64,fixed_1,0.7716,1.6975,1.0,400
2,mt_bench,64,fixed_2,0.6375,2.1675,2.0,400
2,mt_bench,64,fixed_4,0.4621,2.68,4.0,400
2,mt_bench,64,fixed_8,0.2764,2.93,8.0,400
2,mt_bench,64,content_only,0.6947,2.0625,1.988,400
2,mt_bench,64,load_only,0.702,1.8975,1.73,400
2,mt_bench,64,combined,0.6804,2.0575,2.053,400
2,mt_bench,64,nightjar,0.5805,2.24,3.138,400
2,mt_bench,64,tapout,0.4444,2.7775,4.923,400
2,mt_bench,64,oracle,0.7716,1.6975,1.0,400
2,spec_bench,1,fixed_1,1.4792,1.775,1.0,400
2,spec_bench,1,fixed_2,1.6696,2.3375,2.0,400
2,spec_bench,1,fixed_4,1.7111,3.08,4.0,400
2,spec_bench,1,fixed_8,1.3625,3.5425,8.0,400
2,spec_bench,1,content_only,1.666,2.6175,2.84,400
2,spec_bench,1,load_only,1.6137,2.2725,2.112,400
2,spec_bench,1,combined,1.666,2.6175,2.84,400
2,spec_bench,1,nightjar,1.599,2.69,3.505,400
2,spec_bench,1,tapout,1.5366,3.2975,5.647,400
2,spec_bench,1,oracle,1.9911,3.3325,2.708,400
2,spec_bench,4,fixed_1,1.45,1.74,1.0,400
2,spec_bench,4,fixed_2,1.6411,2.2975,2.0,400
2,spec_bench,4,fixed_4,1.6694,3.005,4.0,400
2,spec_bench,4,fixed_8,1.3933,3.6225,8.0,400
2,spec_bench,4,content_only,1.697,2.87,3.355,400
2,spec_bench,4,load_only,1.6406,2.775,3.41,400
2,spec_bench,4,combined,1.715,2.8425,3.178,400
2,spec_bench,4,nightjar,1.5984,2.795,3.73,400
2,spec_bench,4,tapout,1.5418,3.3625,5.695,400
2,spec_bench,4,oracle,1.9909,3.4925,2.893,400
2,spec_bench,8,fixed_1,1.4875,1.785,1.0,400
2,spec_bench,8,fixed_2,1.6643,2.33,2.0,400
2,spec_bench,8,fixed_4,1.6542,2.9775,4.0,400
2,spec_bench,8,fixed_8,1.0134,3.3725,8.0,400
2,spec_bench,8,content_only,1.6752,2.705,2.998,400
2,spec_bench,8,load_only,1.6065,2.29,2.115,400
2,spec_bench,8,combined,1.6543,2.6925,3.067,400
2,spec_bench,8,nightjar,1.5414,2.63,3.3,400
2,spec_bench,8,tapout,1.2722,3.165,5.725,400
2,spec_bench,8,oracle,1.9317,2.9775,2.28,400
2,spec_bench,16,fixed_1,1.4729,1.7675,1.0,400
2,spec_bench,16,fixed_2,1.4997,2.3275,2.0,400
2,spec_bench,16,fixed_4,1.1112,3.0225,4.0,400
2,spec_bench,16,fixed_8,0.6853,3.465,8.0,400
2,spec_bench,16,content_only,1.4646,2.14,1.772,400
2,spec_bench,16,load_only,1.4665,2.1875,1.863,400
2,spec_bench,16,combined,1.4466,2.2275,1.93,400
2,spec_bench,16,nightjar,1.2895,2.44,2.885,400
2,spec_bench,16,tapout,0.9472,3.175,5.737,400
2,spec_bench,16,oracle,1.6221,2.3275,1.56,400
2,spec_bench,32,fixed_1,1.0196,1.77,1.0,400
2,spec_bench,32,fixed_2,0.8608,2.3275,2.0,400
2,spec_bench,32,fixed_4,0.6541,3.035,4.0,400
2,spec_bench,32,fixed_8,0.4088,3.48,8.0,400
2,spec_bench,32,content_only,0.9361,2.1075,1.788,400
2,spec_bench,32,load_only,0.9578,1.8625,1.438,400
2,spec_bench,32,combined,0.9235,2.05,1.82,400
2,spec_bench,32,nightjar,0.8041,2.435,2.995,400
2,spec_bench,32,tapout,0.5572,3.2325,5.805,400
2,spec_bench,32,oracle,1.0196,1.77,1.0,400
2,spec_bench,64,fixed_1,0.8068,1.775,1.0,400
2,spec_bench,64,fixed_2,0.6926,2.355,2.0,400
2,spec_bench,64,fixed_4,0.5086,2.95,4.0,400
2,spec_bench,64,fixed_8,0.3035,3.2175,8.0,400
2,spec_bench,64,content_only,0.7236,2.0425,1.833,400
2,spec_bench,64,load_only,0.7209,2.095,1.877,400
2,spec_bench,64,combined,0.7111,2.1125,1.99,400
2,spec_bench,64,nightjar,0.6277,2.4725,3.138,400
2,spec_bench,64,tapout,0.4326,3.04,5.763,400
2,spec_bench,64,oracle,0.8068,1.775,1.0,400
3,humaneval,1,fixed_1,1.6021,1.9225,1.0,400
3,humaneval,1,fixed_2,1.9411,2.7175,2.0,400
3,humaneval,1,fixed_4,2.2069,3.9725,4.0,400
3,humaneval,1,fixed_8,2.051,5.3325,8.0,400
3,humaneval,1,content_only,2.159,3.9725,4.162,400
3,humaneval,1,load_only,2.1467,3.995,4.277,400
3,humaneval,1,combined,2.1585,3.8,3.77,400
3,humaneval,1,nightjar,2.0445,3.8425,4.19,400
3,humaneval,1,tapout,2.0567,4.8175,6.58,400
3,humaneval,1,oracle,2.5303,5.0775,4.32,400
3,humaneval,4,fixed_1,1.6146,1.9375,1.0,400
3,humaneval,4,fixed_2,1.9929,2.79,2.0,400
3,humaneval,4,fixed_4,2.2972,4.135,4.0,400
3,humaneval,4,fixed_8,2.1087,5.4825,8.0,400
3,humaneval,4,content_only,2.2293,3.9475,3.83,400
3,humaneval,4,load_only,2.2587,4.0125,3.865,400
3,humaneval,4,combined,2.2412,4.05,3.995,400
3,humaneval,4,nightjar,2.1162,4.0025,4.228,400
3,humaneval,4,tapout,2.1025,4.955,6.695,400
3,humaneval,4,oracle,2.59,5.2075,4.447,400
3,humaneval,8,fixed_1,1.5708,1.885,1.0,400
3,humaneval,8,fixed_2,1.9107,2.675,2.0,400
3,humaneval,8,fixed_4,2.1583,3.885,4.0,400
3,humaneval,8,fixed_8,1.5437,5.1375,8.0,400
3,humaneval,8,content_only,2.1223,3.685,3.6,400
3,humaneval,8,load_only,2.0984,3.645,3.612,400
3,humaneval,8,combined,2.1372,3.8525,3.935,400
3,humaneval,8,nightjar,1.9067,3.4675,3.618,400
3,humaneval,8,tapout,1.6639,4.66,6.508,400
3,humaneval,8,oracle,2.3026,3.885,3.12,400
3,humaneval,16,fixed_1,1.5833,1.9,1.0,400
3,humaneval,16,fixed_2,1.7381,2.6975,2.0,400
3,humaneval,16,fixed_4,1.4393,3.915,4.0,400
3,humaneval,16,fixed_8,1.0151,5.1325,8.0,400
3,humaneval,16,content_only,1.635,2.925,2.39,400
3,humaneval,16,load_only,1.6623,2.82,2.243,400
3,humaneval,16,combined,1.6369,2.9475,2.447,400
3,humaneval,16,nightjar,1.5369,3.235,3.125,400
3,humaneval,16,tapout,1.1973,4.695,6.545,400
3,humaneval,16,oracle,1.7957,2.6975,1.798,400
3,humaneval,32,fixed_1,1.1002,1.91,1.0,400
3,humaneval,32,fixed_2,1.0022,2.71,2.0,400
3,humaneval,32,fixed_4,0.8556,3.97,4.0,400
3,humaneval,32,fixed_8,0.6065,5.1625,8.0,400
3,humaneval,32,content_only,1.0233,2.5925,1.995,400
3,humaneval,32,load_only,1.0269,2.435,1.85,400
3,humaneval,32,combined,1.0076,2.6125,2.1,400
3,humaneval,32,nightjar,0.9374,3.21,3.172,400
3,humaneval,32,tapout,0.6914,4.635,6.612,400
3,humaneval,32,oracle,1.1002,1.91,1.0,400
3,humaneval,64,fixed_1,0.8864,1.95,1.0,400
3,humaneval,64,fixed_2,0.8279,2.815,2.0,400
3,humaneval,64,fixed_4,0.7353,4.265,4.0,400
3,humaneval,64,fixed_8,0.5696,6.0375,8.0,400
3,humaneval,64,content_only,0.8192,2.9075,2.342,400
3,humaneval,64,load_only,0.8234,2.9775,2.39,400
3,humaneval,64,combined,0.8214,2.9875,2.41,400
3,humaneval,64,nightjar,0.7743,3.61,3.388,400
3,humaneval,64,tapout,0.6169,5.3375,6.742,400
3,humaneval,64,oracle,0.8864,1.95,1.0,400
3,gsm8k,1,fixed_1,1.4688,1.7625,1.0,400
3,gsm8k,1,fixed_2,1.6696,2.3375,2.0,400
3,gsm8k,1,fixed_4,1.7028,3.065,4.0,400
3,gsm8k,1,fixed_8,1.3885,3.61,8.0,400
3,gsm8k,1,content_only,1.7011,3.12,4.095,400
3,gsm8k,1,load_only,1.5918,2.6175,3.36,400
3,gsm8k,1,combined,1.7011,3.12,4.095,400
3,gsm8k,1,nightjar,1.628,2.8175,3.675,400
3,gsm8k,1,tapout,1.5633,3.37,5.548,400
3,gsm8k,1,oracle,2.0015,3.45,2.85,400
3,gsm8k,4,fixed_1,1.5104,1.8125,1.0,400
3,gsm8k,4,fixed_2,1.7214,2.41,2.0,400
3,gsm8k,4,fixed_4,1.7514,3.1525,4.0,400
3,gsm8k,4,fixed_8,1.4346,3.73,8.0,400
3,gsm8k,4,content_only,1.7297,3.0925,3.868,400
3,gsm8k,4,load_only,1.6997,2.6825,2.928,400
3,gsm8k,4,combined,1.6975,2.6925,2.97,400
3,gsm8k,4,nightjar,1.6931,2.9575,3.723,400
3,gsm8k,4,tapout,1.5716,3.4475,5.803,400
3,gsm8k,4,oracle,2.0682,3.5525,2.873,400
3,gsm8k,8,fixed_1,1.5021,1.8025,1.0,400
3,gsm8k,8,fixed_2,1.7286,2.42,2.0,400
3,gsm8k,8,fixed_4,1.7778,3.2,4.0,400
3,gsm8k,8,fixed_8,1.1433,3.805,8.0,400
3,gsm8k,8,content_only,1.8003,3.005,3.212,400
3,gsm8k,8,load_only,1.7732,3.085,3.632,400
3,gsm8k,8,combined,1.8009,3.08,3.413,400
3,gsm8k,8,nightjar,1.6446,2.9725,3.598,400
3,gsm8k,8,tapout,1.3923,3.5525,5.765,400
3,gsm8k,8,oracle,2.0128,3.2,2.527,400
3,gsm8k,16,fixed_1,1.4875,1.785,1.0,400
3,gsm8k,16,fixed_2,1.5561,2.415,2.0,400
3,gsm8k,16,fixed_4,1.1645,3.1675,4.0,400
3,gsm8k,16,fixed_8,0.7303,3.6925,8.0,400
3,gsm8k,16,content_only,1.5246,2.315,1.907,400
3,gsm8k,16,load_only,1.4943,2.31,1.968,400
3,gsm8k,16,combined,1.4861,2.32,2.005,400
3,gsm8k,16,nightjar,1.354,2.45,2.77,400
3,gsm8k,16,tapout,1.0045,3.47,5.76,400
3,gsm8k,16,oracle,1.6553,2.415,1.63,400
3,gsm8k,32,fixed_1,1.0685,1.855,1.0,400
3,gsm8k,32,fixed_2,0.9338,2.525,2.0,400
3,gsm8k,32,fixed_4,0.743,3.4475,4.0,400
3,gsm8k,32,fixed_8,0.4893,4.165,8.0,400
3,gsm8k,32,content_only,0.9846,2.28,1.817,400
3,gsm8k,32,load_only,0.9827,2.2875,1.81,400
3,gsm8k,32,combined,0.9709,2.3675,1.985,400
3,gsm8k,32,nightjar,0.8679,2.875,3.13,400
3,gsm8k,32,tapout,0.6266,3.8325,6.035,400
3,gsm8k,32,oracle,1.0685,1.855,1.0,400
3,gsm8k,64,fixed_1,0.7795,1.715,1.0,400
3,gsm8k,64,fixed_2,0.639,2.1725,2.0,400
3,gsm8k,64,fixed_4,0.4565,2.6475,4.0,400
3,gsm8k,64,fixed_8,0.2738,2.9025,8.0,400
3,gsm8k,64,content_only,0.6825,2.0375,2.035,400
3,gsm8k,64,load_only,0.7004,1.9325,1.772,400
3,gsm8k,64,combined,0.6831,2.08,2.087,400
3,gsm8k,64,nightjar,0.5843,2.3225,3.18,400
3,gsm8k,64,tapout,0.4231,2.7425,5.235,400
3,gsm8k,64,oracle,0.7795,1.715,1.0,400
3,mt_bench,1,fixed_1,1.4188,1.7025,1.0,400
3,mt_bench,1,fixed_2,1.5911,2.2275,2.0,400
3,mt_bench,1,fixed_4,1.5889,2.86,4.0,400
3,mt_bench,1,fixed_8,1.2596,3.275,8.0,400
3,mt_bench,1,content_only,1.6516,2.7375,3.178,400
3,mt_bench,1,load_only,1.5649,2.3175,2.493,400
3,mt_bench,1,combined,1.6516,2.7375,3.178,400
3,mt_bench,1,nightjar,1.5025,2.5625,3.59,400
3,mt_bench,1,tapout,1.4456,3.025,5.327,400
3,mt_bench,1,oracle,1.8838,3.095,2.505,400
3,mt_bench,4,fixed_1,1.3479,1.6175,1.0,400
3,mt_bench,4,fixed_2,1.45,2.03,2.0,400
3,mt_bench,4,fixed_4,1.3472,2.425,4.0,400
3,mt_bench,4,fixed_8,1.0212,2.655,8.0,400
3,mt_bench,4,content_only,1.4227,2.2825,2.922,400
3,mt_bench,4,load_only,1.3807,2.0725,2.578,400
3,mt_bench,4,combined,1.4295,2.27,2.85,400
3,mt_bench,4,nightjar,1.35,2.165,3.255,400
3,mt_bench,4,tapout,1.284,2.535,4.8,400
3,mt_bench,4,oracle,1.6593,2.5325,2.038,400
3,mt_bench,8,fixed_1,1.4417,1.73,1.0,400
3,mt_bench,8,fixed_2,1.5679,2.195,2.0,400
3,mt_bench,8,fixed_4,1.4847,2.6725,4.0,400
3,mt_bench,8,fixed_8,0.8774,2.92,8.0,400
3,mt_bench,8,content_only,1.5569,2.175,2.022,400
3,mt_bench,8,load_only,1.5235,2.26,2.408,400
3,mt_bench,8,combined,1.5407,2.2,2.188,400
3,mt_bench,8,nightjar,1.4137,2.3025,3.123,400
3,mt_bench,8,tapout,1.2184,2.805,5.21,400
3,mt_bench,8,oracle,1.7879,2.6725,2.055,400
3,mt_bench,16,fixed_1,1.4063,1.6875,1.0,400
3,mt_bench,16,fixed_2,1.3789,2.14,2.0,400
3,mt_bench,16,fixed_4,0.9559,2.6,4.0,400
3,mt_bench,16,fixed_8,0.5518,2.79,8.0,400
3,mt_bench,16,content_only,1.3835,2.05,1.833,400
3,mt_bench,16,load_only,1.3439,1.8475,1.542,400
3,mt_bench,16,combined,1.3724,2.0875,1.942,400
3,mt_bench,16,nightjar,1.2063,2.1375,2.765,400
3,mt_bench,16,tapout,0.8982,2.645,5.02,400
3,mt_bench,16,oracle,1.5268,2.14,1.452,400
3,mt_bench,32,fixed_1,1.0325,1.7925,1.0,400
3,mt_bench,32,fixed_2,0.8635,2.335,2.0,400
3,mt_bench,32,fixed_4,0.6212,2.8825,4.0,400
3,mt_bench,32,fixed_8,0.3633,3.0925,8.0,400
3,mt_bench,32,content_only,0.9515,1.98,1.62,400
3,mt_bench,32,load_only,0.9602,1.9575,1.518,400
3,mt_bench,32,combined,0.9376,2.035,1.75,400
3,mt_bench,32,nightjar,0.8005,2.3825,2.967,400
3,mt_bench,32,tapout,0.5479,2.9225,5.287,400
3,mt_bench,32,oracle,1.0325,1.7925,1.0,400
3,mt_bench,64,fixed_1,0.8193,1.8025,1.0,400
3,mt_bench,64,fixed_2,0.7059,2.4,2.0,400
3,mt_bench,64,fixed_4,0.5315,3.0825,4.0,400
3,mt_bench,64,fixed_8,0.3295,3.4925,8.0,400
3,mt_bench,64,content_only,0.7417,2.145,1.9,400
3,mt_bench,64,load_only,0.7413,2.1425,1.853,400
3,mt_bench,64,combined,0.7253,2.23,2.112,400
3,mt_bench,64,nightjar,0.6413,2.5175,3.127,400
3,mt_bench,64,tapout,0.4717,3.2725,5.455,400
3,mt_bench,64,oracle,0.8193,1.8025,1.0,400
3,spec_bench,1,fixed_1,1.4646,1.7575,1.0,400
3,spec_bench,1,fixed_2,1.6696,2.3375,2.0,400
3,spec_bench,1,fixed_4,1.7056,3.07,4.0,400
3,spec_bench,1,fixed_8,1.3433,3.4925,8.0,400
3,spec_bench,1,content_only,1.6538,2.4125,2.315,400
3,spec_bench,1,load_only,1.6923,2.7275,3.038,400
3,spec_bench,1,combined,1.6538,2.4125,2.315,400
3,spec_bench,1,nightjar,1.6117,2.74,3.562,400
3,spec_bench,1,tapout,1.4975,3.2375,5.69,400
3,spec_bench,1,oracle,1.977,3.295,2.685,400
3,spec_bench,4,fixed_1,1.4396,1.7275,1.0,400
3,spec_bench,4,fixed_2,1.5911,2.2275,2.0,400
3,spec_bench,4,fixed_4,1.5708,2.8275,4.0,400
3,spec_bench,4,fixed_8,1.2385,3.22,8.0,400
3,spec_bench,4,content_only,1.575,2.7125,3.513,400
3,spec_bench,4,load_only,1.5722,2.4275,2.797,400
3,spec_bench,4,combined,1.5645,2.63,3.32,400
3,spec_bench,4,nightjar,1.5199,2.635,3.67,400
3,spec_bench,4,tapout,1.4074,2.9875,5.57,400
3,spec_bench,4,oracle,1.884,3.08,2.47,400
3,spec_bench,8,fixed_1,1.4833,1.78,1.0,400
3,spec_bench,8,fixed_2,1.6732,2.3425,2.0,400
3,spec_bench,8,fixed_4,1.6875,3.0375,4.0,400
3,spec_bench,8,fixed_8,1.0442,3.475,8.0,400
3,spec_bench,8,content_only,1.6986,2.8325,3.232,400
3,spec_bench,8,load_only,1.6312,2.5825,2.895,400
3,spec_bench,8,combined,1.6856,2.8275,3.265,400
3,spec_bench,8,nightjar,1.5801,2.6275,3.237,400
3,spec_bench,8,tapout,1.3046,3.235,5.74,400
3,spec_bench,8,oracle,1.9433,3.0375,2.377,400
3,spec_bench,16,fixed_1,1.4771,1.7725,1.0,400
3,spec_bench,16,fixed_2,1.5174,2.355,2.0,400
3,spec_bench,16,fixed_4,1.1461,3.1175,4.0,400
3,spec_bench,16,fixed_8,0.7234,3.6575,8.0,400
3,spec_bench,16,content_only,1.5004,2.2775,1.938,400
3,spec_bench,16,load_only,1.5025,2.2925,1.948,400
3,spec_bench,16,combined,1.4813,2.2875,2.007,400
3,spec_bench,16,nightjar,1.3368,2.435,2.777,400
3,spec_bench,16,tapout,0.9937,3.4,5.67,400
3,spec_bench,16,oracle,1.6322,2.355,1.583,400
3,spec_bench,32,fixed_1,1.021,1.7725,1.0,400
3,spec_bench,32,fixed_2,0.8709,2.355,2.0,400
3,spec_bench,32,fixed_4,0.6627,3.075,4.0,400
3,spec_bench,32,fixed_8,0.4306,3.665,8.0,400
3,spec_bench,32,content_only,0.9412,2.07,1.725,400
3,spec_bench,32,load_only,0.9429,2.1225,1.728,400
3,spec_bench,32,combined,0.9302,2.175,1.893,400
3,spec_bench,32,nightjar,0.8159,2.5525,3.047,400
3,spec_bench,32,tapout,0.5904,3.4275,5.758,400
3,spec_bench,32,oracle,1.021,1.7725,1.0,400
3,spec_bench,64,fixed_1,0.8284,1.8225,1.0,400
3,spec_bench,64,fixed_2,0.7279,2.475,2.0,400
3,spec_bench,64,fixed_4,0.5897,3.42,4.0,400
3,spec_bench,64,fixed_8,0.391,4.145,8.0,400
3,spec_bench,64,content_only,0.7521,2.3175,1.998,400
3,spec_bench,64,load_only,0.7469,2.27,1.965,400
3,spec_bench,64,combined,0.7403,2.395,2.178,400
3,spec_bench,64,nightjar,0.6625,2.8375,3.263,400
3,spec_bench,64,tapout,0.4971,3.86,6.082,400
3,spec_bench,64,oracle,0.8284,1.8225,1.0,400
4,humaneval,1,fixed_1,1.6104,1.9325,1.0,400
4,humaneval,1,fixed_2,1.9661,2.7525,2.0,400
4,humaneval,1,fixed_4,2.2694,4.085,4.0,400
4,humaneval,1,fixed_8,2.149,5.5875,8.0,400
4,humaneval,1,content_only,2.2469,4.3,4.497,400
4,humaneval,1,load_only,2.223,4.2,4.412,400
4,humaneval,1,combined,2.2469,4.3,4.497,400
4,humaneval,1,nightjar,2.0966,4.005,4.295,400
4,humaneval,1,tapout,2.1288,4.9975,6.61,400
4,humaneval,1,oracle,2.6002,5.3575,4.605,400
4,humaneval,4,fixed_1,1.5917,1.91,1.0,400
4,humaneval,4,fixed_2,1.9518,2.7325,2.0,400
4,humaneval,4,fixed_4,2.2639,4.075,4.0,400
4,humaneval,4,fixed_8,2.1385,5.56,8.0,400
4,humaneval,4,content_only,2.2457,4.295,4.478,400
4,humaneval,4,load_only,2.255,4.035,3.935,400
4,humaneval,4,combined,2.2343,4.215,4.355,400
4,humaneval,4,nightjar,2.0914,3.935,4.195,400
4,humaneval,4,tapout,2.1383,5.04,6.605,400
4,humaneval,4,oracle,2.5828,5.2975,4.543,400
4,humaneval,8,fixed_1,1.6208,1.945,1.0,400
4,humaneval,8,fixed_2,1.9964,2.795,2.0,400
4,humaneval,8,fixed_4,2.3111,4.16,4.0,400
4,humaneval,8,fixed_8,1.7135,5.7025,8.0,400
4,humaneval,8,content_only,2.2388,3.965,3.763,400
4,humaneval,8,load_only,2.258,4.0675,3.905,400
4,humaneval,8,combined,2.2496,4.0275,3.865,400
4,humaneval,8,nightjar,1.9981,3.87,3.897,400
4,humaneval,8,tapout,1.7925,5.1375,6.643,400
4,humaneval,8,oracle,2.4327,4.16,3.325,400
4,humaneval,16,fixed_1,1.5875,1.905,1.0,400
4,humaneval,16,fixed_2,1.7381,2.6975,2.0,400
4,humaneval,16,fixed_4,1.4228,3.87,4.0,400
4,humaneval,16,fixed_8,0.9869,4.99,8.0,400
4,humaneval,16,content_only,1.6784,2.745,2.17,400
4,humaneval,16,load_only,1.6974,2.69,2.078,400
4,humaneval,16,combined,1.6915,2.69,2.09,400
4,humaneval,16,nightjar,1.5251,3.075,3.005,400
4,humaneval,16,tapout,1.175,4.53,6.447,400
4,humaneval,16,oracle,1.7986,2.6975,1.792,400
4,humaneval,32,fixed_1,1.1103,1.9275,1.0,400
4,humaneval,32,fixed_2,1.0142,2.7425,2.0,400
4,humaneval,32,fixed_4,0.8572,3.9775,4.0,400
4,humaneval,32,fixed_8,0.6259,5.3275,8.0,400
4,humaneval,32,content_only,1.0354,2.56,1.952,400
4,humaneval,32,load_only,1.0349,2.53,1.93,400
4,humaneval,32,combined,1.0342,2.45,1.847,400
4,humaneval,32,nightjar,0.9384,3.255,3.2,400
4,humaneval,32,tapout,0.7063,4.735,6.617,400
4,humaneval,32,oracle,1.1103,1.9275,1.0,400
4,humaneval,64,fixed_1,0.8682,1.91,1.0,400
4,humaneval,64,fixed_2,0.7941,2.7,2.0,400
4,humaneval,64,fixed_4,0.6776,3.93,4.0,400
4,humaneval,64,fixed_8,0.5071,5.375,8.0,400
4,humaneval,64,content_only,0.7931,2.8075,2.345,400
4,humaneval,64,load_only,0.7884,2.875,2.433,400
4,humaneval,64,combined,0.8004,2.8375,2.357,400
4,humaneval,64,nightjar,0.7454,3.3975,3.357,400
4,humaneval,64,tapout,0.5747,4.835,6.625,400
4,humaneval,64,oracle,0.8682,1.91,1.0,400
4,gsm8k,1,fixed_1,1.5458,1.855,1.0,400
4,gsm8k,1,fixed_2,1.7893,2.505,2.0,400
4,gsm8k,1,fixed_4,1.8639,3.355,4.0,400
4,gsm8k,1,fixed_8,1.4904,3.875,8.0,400
4,gsm8k,1,content_only,1.8797,3.245,3.57,400
4,gsm8k,1,load_only,1.8468,3.095,3.34,400
4,gsm8k,1,combined,1.8797,3.245,3.57,400
4,gsm8k,1,nightjar,1.743,2.945,3.513,400
4,gsm8k,1,tapout,1.62,3.5675,6.013,400
4,gsm8k,1,oracle,2.1487,3.7275,3.045,400
4,gsm8k,4,fixed_1,1.4729,1.7675,1.0,400
4,gsm8k,4,fixed_2,1.675,2.345,2.0,400
4,gsm8k,4,fixed_4,1.6903,3.0425,4.0,400
4,gsm8k,4,fixed_8,1.3558,3.525,8.0,400
4,gsm8k,4,content_only,1.6463,2.65,3.03,400
4,gsm8k,4,load_only,1.6531,2.74,3.295,400
4,gsm8k,4,combined,1.6648,2.9725,3.873,400
4,gsm8k,4,nightjar,1.5832,2.6925,3.572,400
4,gsm8k,4,tapout,1.5144,3.245,5.588,400
4,gsm8k,4,oracle,1.9913,3.355,2.723,400
4,gsm8k,8,fixed_1,1.5042,1.805,1.0,400
4,gsm8k,8,fixed_2,1.7089,2.3925,2.0,400
4,gsm8k,8,fixed_4,1.7111,3.08,4.0,400
4,gsm8k,8,fixed_8,1.0614,3.5325,8.0,400
4,gsm8k,8,content_only,1.7325,2.9175,3.312,400
4,gsm8k,8,load_only,1.6914,2.6875,2.935,400
4,gsm8k,8,combined,1.723,2.92,3.373,400
4,gsm8k,8,nightjar,1.6193,2.8725,3.515,400
4,gsm8k,8,tapout,1.3455,3.26,5.575,400
4,gsm8k,8,oracle,1.9706,3.08,2.408,400
4,gsm8k,16,fixed_1,1.4771,1.7725,1.0,400
4,gsm8k,16,fixed_2,1.5093,2.3425,2.0,400
4,gsm8k,16,fixed_4,1.1149,3.0325,4.0,400
4,gsm8k,16,fixed_8,0.6759,3.4175,8.0,400
4,gsm8k,16,content_only,1.4406,2.2225,1.95,400
4,gsm8k,16,load_only,1.4904,2.1875,1.798,400
4,gsm8k,16,combined,1.4807,2.27,2.0,400
4,gsm8k,16,nightjar,1.3152,2.4825,2.87,400
4,gsm8k,16,tapout,0.9637,3.2175,5.683,400
4,gsm8k,16,oracle,1.6289,2.3425,1.57,400
4,gsm8k,32,fixed_1,1.0556,1.8325,1.0,400
4,gsm8k,32,fixed_2,0.9135,2.47,2.0,400
4,gsm8k,32,fixed_4,0.695,3.225,4.0,400
4,gsm8k,32,fixed_8,0.4256,3.6225,8.0,400
4,gsm8k,32,content_only,0.9738,2.1475,1.705,400
4,gsm8k,32,load_only,0.9855,2.0575,1.575,400
4,gsm8k,32,combined,0.9702,2.17,1.76,400
4,gsm8k,32,nightjar,0.8324,2.6125,3.04,400
4,gsm8k,32,tapout,0.5819,3.4225,5.872,400
4,gsm8k,32,oracle,1.0556,1.8325,1.0,400
4,gsm8k,64,fixed_1,0.8193,1.8025,1.0,400
4,gsm8k,64,fixed_2,0.6934,2.3575,2.0,400
4,gsm8k,64,fixed_4,0.5116,2.9675,4.0,400
4,gsm8k,64,fixed_8,0.3099,3.285,8.0,400
4,gsm8k,64,content_only,0.7384,2.14,1.9,400
4,gsm8k,64,load_only,0.7386,2.1925,1.907,400
4,gsm8k,64,combined,0.7267,2.1875,2.02,400
4,gsm8k,64,nightjar,0.6363,2.575,3.175,400
4,gsm8k,64,tapout,0.4549,3.1,5.442,400
4,gsm8k,64,oracle,0.8193,1.8025,1.0,400
4,mt_bench,1,fixed_1,1.4396,1.7275,1.0,400
4,mt_bench,1,fixed_2,1.6143,2.26,2.0,400
4,mt_bench,1,fixed_4,1.575,2.835,4.0,400
4,mt_bench,1,fixed_8,1.249,3.2475,8.0,400
4,mt_bench,1,content_only,1.6092,2.7075,3.303,400
4,mt_bench,1,load_only,1.4111,1.9075,1.89,400
4,mt_bench,1,combined,1.6092,2.7075,3.303,400
4,mt_bench,1,nightjar,1.549,2.82,3.95,400
4,mt_bench,1,tapout,1.4661,3.0175,5.135,400
4,mt_bench,1,oracle,1.8937,3.14,2.558,400
4,mt_bench,4,fixed_1,1.3583,1.63,1.0,400
4,mt_bench,4,fixed_2,1.4661,2.0525,2.0,400
4,mt_bench,4,fixed_4,1.3708,2.4675,4.0,400
4,mt_bench,4,fixed_8,1.0288,2.675,8.0,400
4,mt_bench,4,content_only,1.4448,2.2475,2.717,400
4,mt_bench,4,load_only,1.4237,2.2325,2.917,400
4,mt_bench,4,combined,1.4393,2.17,2.572,400
4,mt_bench,4,nightjar,1.3229,2.1775,3.413,400
4,mt_bench,4,tapout,1.3021,2.5375,4.673,400
4,mt_bench,4,oracle,1.6838,2.565,2.038,400
4,mt_bench,8,fixed_1,1.4896,1.7875,1.0,400
4,mt_bench,8,fixed_2,1.6768,2.3475,2.0,400
4,mt_bench,8,fixed_4,1.6319,2.9375,4.0,400
4,mt_bench,8,fixed_8,0.9863,3.2825,8.0,400
4,mt_bench,8,content_only,1.6195,2.42,2.44,400
4,mt_bench,8,load_only,1.6374,2.285,2.022,400
4,mt_bench,8,combined,1.6718,2.725,3.053,400
4,mt_bench,8,nightjar,1.5637,2.6275,3.29,400
4,mt_bench,8,tapout,1.3127,3.045,5.183,400
4,mt_bench,8,oracle,1.9126,2.9375,2.28,400
4,mt_bench,16,fixed_1,1.4687,1.7625,1.0,400
4,mt_bench,16,fixed_2,1.4884,2.31,2.0,400
4,mt_bench,16,fixed_4,1.0882,2.96,4.0,400
4,mt_bench,16,fixed_8,0.6552,3.3125,8.0,400
4,mt_bench,16,content_only,1.4809,2.145,1.778,400
4,mt_bench,16,load_only,1.4758,2.205,1.863,400
4,mt_bench,16,combined,1.4652,2.2275,1.97,400
4,mt_bench,16,nightjar,1.3066,2.4025,2.817,400
4,mt_bench,16,tapout,0.99,3.15,5.332,400
4,mt_bench,16,oracle,1.6146,2.31,1.548,400
4,mt_bench,32,fixed_1,1.0297,1.7875,1.0,400
4,mt_bench,32,fixed_2,0.8709,2.355,2.0,400
4,mt_bench,32,fixed_4,0.6352,2.9475,4.0,400
4,mt_bench,32,fixed_8,0.3762,3.2025,8.0,400
4,mt_bench,32,content_only,0.9441,2.07,1.705,400
4,mt_bench,32,load_only,0.9483,2.06,1.657,400
4,mt_bench,32,combined,0.9262,2.1,1.82,400
4,mt_bench,32,nightjar,0.8031,2.4,2.97,400
4,mt_bench,32,tapout,0.5574,3.0225,5.428,400
4,mt_bench,32,oracle,1.0297,1.7875,1.0,400
4,mt_bench,64,fixed_1,0.7727,1.7,1.0,400
4,mt_bench,64,fixed_2,0.6463,2.1975,2.0,400
4,mt_bench,64,fixed_4,0.4668,2.7075,4.0,400
4,mt_bench,64,fixed_8,0.2755,2.92,8.0,400
4,mt_bench,64,content_only,0.6824,2.025,2.007,400
4,mt_bench,64,load_only,0.7066,1.9225,1.75,400
4,mt_bench,64,combined,0.6774,2.0575,2.07,400
4,mt_bench,64,nightjar,0.586,2.2825,3.15,400
4,mt_bench,64,tapout,0.4294,2.765,5.17,400
4,mt_bench,64,oracle,0.7727,1.7,1.0,400
4,spec_bench,1,fixed_1,1.4833,1.78,1.0,400
4,spec_bench,1,fixed_2,1.65,2.31,2.0,400
4,spec_bench,1,fixed_4,1.6069,2.8925,4.0,400
4,spec_bench,1,fixed_8,1.226,3.1875,8.0,400
4,spec_bench,1,content_only,1.5994,2.55,2.985,400
4,spec_bench,1,load_only,1.6112,2.7675,3.57,400
4,spec_bench,1,combined,1.5994,2.55,2.985,400
4,spec_bench,1,nightjar,1.5425,2.5425,3.385,400
4,spec_bench,1,tapout,1.412,3.0,5.675,400
4,spec_bench,1,oracle,1.9036,3.0575,2.47,400
4,spec_bench,4,fixed_1,1.4937,1.7925,1.0,400
4,spec_bench,4,fixed_2,1.6946,2.3725,2.0,400
4,spec_bench,4,fixed_4,1.6944,3.05,4.0,400
4,spec_bench,4,fixed_8,1.3654,3.55,8.0,400
4,spec_bench,4,content_only,1.6613,2.3475,2.155,400
4,spec_bench,4,load_only,1.6688,2.8375,3.458,400
4,spec_bench,4,combined,1.6416,2.805,3.458,400
4,spec_bench,4,nightjar,1.633,2.8025,3.62,400
4,spec_bench,4,tapout,1.516,3.2975,5.845,400
4,spec_bench,4,oracle,2.0062,3.3975,2.77,400
4,spec_bench,8,fixed_1,1.5167,1.82,1.0,400
4,spec_bench,8,fixed_2,1.7696,2.4775,2.0,400
4,spec_bench,8,fixed_4,1.8319,3.2975,4.0,400
4,spec_bench,8,fixed_8,1.1636,3.8725,8.0,400
4,spec_bench,8,content_only,1.8354,3.1,3.34,400
4,spec_bench,8,load_only,1.7652,2.725,2.708,400
4,spec_bench,8,combined,1.8132,3.05,3.325,400
4,spec_bench,8,nightjar,1.6511,2.8625,3.385,400
4,spec_bench,8,tapout,1.3926,3.59,5.928,400
4,spec_bench,8,oracle,2.0556,3.2975,2.623,400
4,spec_bench,16,fixed_1,1.5229,1.8275,1.0,400
4,spec_bench,16,fixed_2,1.6076,2.495,2.0,400
4,spec_bench,16,fixed_4,1.261,3.43,4.0,400
4,spec_bench,16,fixed_8,0.8495,4.295,8.0,400
4,spec_bench,16,content_only,1.5519,2.3725,1.92,400
4,spec_bench,16,load_only,1.5796,2.4525,2.007,400
4,spec_bench,16,combined,1.5462,2.495,2.087,400
4,spec_bench,16,nightjar,1.4105,2.85,3.027,400
4,spec_bench,16,tapout,1.0594,3.9025,6.155,400
4,spec_bench,16,oracle,1.7007,2.495,1.667,400
4,spec_bench,32,fixed_1,1.0052,1.745,1.0,400
4,spec_bench,32,fixed_2,0.8469,2.29,2.0,400
4,spec_bench,32,fixed_4,0.6342,2.9425,4.0,400
4,spec_bench,32,fixed_8,0.3889,3.31,8.0,400
4,spec_bench,32,content_only,0.9238,1.985,1.663,400
4,spec_bench,32,load_only,0.9192,2.0175,1.708,400
4,spec_bench,32,combined,0.8974,2.2025,1.99,400
4,spec_bench,32,nightjar,0.8043,2.3825,2.953,400
4,spec_bench,32,tapout,0.5585,3.1075,5.52,400
4,spec_bench,32,oracle,1.0052,1.745,1.0,400
4,spec_bench,64,fixed_1,0.8364,1.84,1.0,400
4,spec_bench,64,fixed_2,0.7419,2.5225,2.0,400
4,spec_bench,64,fixed_4,0.5806,3.3675,4.0,400
4,spec_bench,64,fixed_8,0.3717,3.94,8.0,400
4,spec_bench,64,content_only,0.7623,2.2025,1.88,400
4,spec_bench,64,load_only,0.7618,2.225,1.875,400
4,spec_bench,64,combined,0.7539,2.195,1.93,400
4,spec_bench,64,nightjar,0.6703,2.815,3.23,400
4,spec_bench,64,tapout,0.4828,3.665,6.053,400
4,spec_bench,64,oracle,0.8364,1.84,1.0,400
5,humaneval,1,fixed_1,1.6104,1.9325,1.0,400
5,humaneval,1,fixed_2,1.9625,2.7475,2.0,400
5,humaneval,1,fixed_4,2.2486,4.0475,4.0,400
5,humaneval,1,fixed_8,2.1692,5.64,8.0,400
5,humaneval,1,content_only,2.1968,3.8525,3.712,400
5,humaneval,1,load_only,2.2191,4.015,4.037,400
5,humaneval,1,combined,2.1968,3.8525,3.712,400
5,humaneval,1,nightjar,2.1096,4.025,4.295,400
5,humaneval,1,tapout,2.1312,4.995,6.55,400
5,humaneval,1,oracle,2.6092,5.415,4.64,400
5,humaneval,4,fixed_1,1.6104,1.9325,1.0,400
5,humaneval,4,fixed_2,1.9768,2.7675,2.0,400
5,humaneval,4,fixed_4,2.3375,4.2075,4.0,400
5,humaneval,4,fixed_8,2.2779,5.9225,8.0,400
5,humaneval,4,content_only,2.283,5.05,5.91,400
5,humaneval,4,load_only,2.3093,4.235,4.155,400
5,humaneval,4,combined,2.2926,4.325,4.362,400
5,humaneval,4,nightjar,2.1916,4.2625,4.44,400
5,humaneval,4,tapout,2.2249,5.3025,6.755,400
5,humaneval,4,oracle,2.6624,5.61,4.865,400
5,humaneval,8,fixed_1,1.6042,1.925,1.0,400
5,humaneval,8,fixed_2,1.9661,2.7525,2.0,400
5,humaneval,8,fixed_4,2.2736,4.0925,4.0,400
5,humaneval,8,fixed_8,1.6549,5.5075,8.0,400
5,humaneval,8,content_only,2.2338,3.9625,3.797,400
5,humaneval,8,load_only,2.1952,4.0425,4.01,400
5,humaneval,8,combined,2.2142,3.9075,3.725,400
5,humaneval,8,nightjar,2.0174,3.6675,3.678,400
5,humaneval,8,tapout,1.7263,4.9275,6.678,400
5,humaneval,8,oracle,2.3998,4.0925,3.268,400
5,humaneval,16,fixed_1,1.6,1.92,1.0,400
5,humaneval,16,fixed_2,1.7526,2.72,2.0,400
5,humaneval,16,fixed_4,1.4513,3.9475,4.0,400
5,humaneval,16,fixed_8,1.0458,5.2875,8.0,400
5,humaneval,16,content_only,1.6761,2.8,2.217,400
5,humaneval,16,load_only,1.6877,2.7925,2.185,400
5,humaneval,16,combined,1.6772,2.8,2.217,400
5,humaneval,16,nightjar,1.5429,3.06,2.965,400
5,humaneval,16,tapout,1.2209,4.815,6.595,400
5,humaneval,16,oracle,1.8131,2.72,1.8,400
5,humaneval,32,fixed_1,1.0887,1.89,1.0,400
5,humaneval,32,fixed_2,0.9911,2.68,2.0,400
5,humaneval,32,fixed_4,0.8335,3.8675,4.0,400
5,humaneval,32,fixed_8,0.6044,5.145,8.0,400
5,humaneval,32,content_only,1.0221,2.4025,1.825,400
5,humaneval,32,load_only,1.0162,2.365,1.81,400
5,humaneval,32,combined,1.0155,2.545,1.99,400
5,humaneval,32,nightjar,0.9146,3.1,3.167,400
5,humaneval,32,tapout,0.7205,4.7075,6.395,400
5,humaneval,32,oracle,1.0887,1.89,1.0,400
5,humaneval,64,fixed_1,0.8739,1.9225,1.0,400
5,humaneval,64,fixed_2,0.8154,2.7725,2.0,400
5,humaneval,64,fixed_4,0.7151,4.1475,4.0,400
5,humaneval,64,fixed_8,0.5417,5.7425,8.0,400
5,humaneval,64,content_only,0.8089,2.7925,2.26,400
5,humaneval,64,load_only,0.8032,2.9175,2.41,400
5,humaneval,64,combined,0.8073,2.835,2.322,400
5,humaneval,64,nightjar,0.7566,3.4675,3.365,400
5,humaneval,64,tapout,0.6098,5.1975,6.628,400
5,humaneval,64,oracle,0.8739,1.9225,1.0,400
5,gsm8k,1,fixed_1,1.5458,1.855,1.0,400
5,gsm8k,1,fixed_2,1.7964,2.515,2.0,400
5,gsm8k,1,fixed_4,1.8542,3.3375,4.0,400
5,gsm8k,1,fixed_8,1.4615,3.8,8.0,400
5,gsm8k,1,content_only,1.8401,3.17,3.58,400
5,gsm8k,1,load_only,1.7529,2.7825,2.987,400
5,gsm8k,1,combined,1.8401,3.17,3.58,400
5,gsm8k,1,nightjar,1.6882,2.8475,3.513,400
5,gsm8k,1,tapout,1.6219,3.5525,5.99,400
5,gsm8k,1,oracle,2.1246,3.59,2.905,400
5,gsm8k,4,fixed_1,1.5063,1.8075,1.0,400
5,gsm8k,4,fixed_2,1.7357,2.43,2.0,400
5,gsm8k,4,fixed_4,1.7181,3.0925,4.0,400
5,gsm8k,4,fixed_8,1.3356,3.4725,8.0,400
5,gsm8k,4,content_only,1.7467,2.9825,3.498,400
5,gsm8k,4,load_only,1.6818,2.73,3.138,400
5,gsm8k,4,combined,1.7191,3.01,3.715,400
5,gsm8k,4,nightjar,1.6399,2.7525,3.49,400
5,gsm8k,4,tapout,1.5107,3.2425,5.75,400
5,gsm8k,4,oracle,2.013,3.3275,2.692,400
5,gsm8k,8,fixed_1,1.4292,1.715,1.0,400
5,gsm8k,8,fixed_2,1.5482,2.1675,2.0,400
5,gsm8k,8,fixed_4,1.4375,2.5875,4.0,400
5,gsm8k,8,fixed_8,0.8248,2.745,8.0,400
5,gsm8k,8,content_only,1.5208,2.23,2.312,400
5,gsm8k,8,load_only,1.5381,2.13,1.958,400
5,gsm8k,8,combined,1.54,2.27,2.353,400
5,gsm8k,8,nightjar,1.4469,2.315,3.087,400
5,gsm8k,8,tapout,1.1765,2.61,5.067,400
5,gsm8k,8,oracle,1.7494,2.5875,1.992,400
5,gsm8k,16,fixed_1,1.5104,1.8125,1.0,400
5,gsm8k,16,fixed_2,1.5593,2.42,2.0,400
5,gsm8k,16,fixed_4,1.125,3.06,4.0,400
5,gsm8k,16,fixed_8,0.6824,3.45,8.0,400
5,gsm8k,16,content_only,1.5302,2.3225,1.88,400
5,gsm8k,16,load_only,1.5095,2.26,1.825,400
5,gsm8k,16,combined,1.5216,2.2875,1.865,400
5,gsm8k,16,nightjar,1.3628,2.5,2.797,400
5,gsm8k,16,tapout,0.9805,3.2625,5.657,400
5,gsm8k,16,oracle,1.6722,2.42,1.607,400
5,gsm8k,32,fixed_1,1.0369,1.8,1.0,400
5,gsm8k,32,fixed_2,0.8848,2.3925,2.0,400
5,gsm8k,32,fixed_4,0.6719,3.1175,4.0,400
5,gsm8k,32,fixed_8,0.4188,3.565,8.0,400
5,gsm8k,32,content_only,0.9593,2.045,1.645,400
5,gsm8k,32,load_only,0.964,2.08,1.65,400
5,gsm8k,32,combined,0.9585,2.12,1.742,400
5,gsm8k,32,nightjar,0.8208,2.535,3.025,400
5,gsm8k,32,tapout,0.5689,3.3075,5.86,400
5,gsm8k,32,oracle,1.0369,1.8,1.0,400
5,gsm8k,64,fixed_1,0.8318,1.83,1.0,400
5,gsm8k,64,fixed_2,0.7353,2.5,2.0,400
5,gsm8k,64,fixed_4,0.5875,3.4075,4.0,400
5,gsm8k,64,fixed_8,0.3849,4.08,8.0,400
5,gsm8k,64,content_only,0.7478,2.3375,2.07,400
5,gsm8k,64,load_only,0.7544,2.425,2.085,400
5,gsm8k,64,combined,0.7533,2.36,2.09,400
5,gsm8k,64,nightjar,0.677,2.8275,3.215,400
5,gsm8k,64,tapout,0.4924,3.7775,6.015,400
5,gsm8k,64,oracle,0.8318,1.83,1.0,400
5,mt_bench,1,fixed_1,1.4833,1.78,1.0,400
5,mt_bench,1,fixed_2,1.7161,2.4025,2.0,400
5,mt_bench,1,fixed_4,1.7708,3.1875,4.0,400
5,mt_bench,1,fixed_8,1.4125,3.6725,8.0,400
5,mt_bench,1,content_only,1.7773,3.0975,3.663,400
5,mt_bench,1,load_only,1.7043,2.3975,2.09,400
5,mt_bench,1,combined,1.7773,3.0975,3.663,400
5,mt_bench,1,nightjar,1.6586,2.8925,3.708,400
5,mt_bench,1,tapout,1.5555,3.34,5.7,400
5,mt_bench,1,oracle,2.037,3.4475,2.822,400
5,mt_bench,4,fixed_1,1.4896,1.7875,1.0,400
5,mt_bench,4,fixed_2,1.6821,2.355,2.0,400
5,mt_bench,4,fixed_4,1.6514,2.9725,4.0,400
5,mt_bench,4,fixed_8,1.2394,3.2225,8.0,400
5,mt_bench,4,content_only,1.6923,2.745,3.058,400
5,mt_bench,4,load_only,1.6308,2.425,2.487,400
5,mt_bench,4,combined,1.6798,2.7225,3.055,400
5,mt_bench,4,nightjar,1.6007,2.645,3.397,400
5,mt_bench,4,tapout,1.4644,3.07,5.487,400
5,mt_bench,4,oracle,1.9397,3.0675,2.417,400
5,mt_bench,8,fixed_1,1.4854,1.7825,1.0,400
5,mt_bench,8,fixed_2,1.7,2.38,2.0,400
5,mt_bench,8,fixed_4,1.6972,3.055,4.0,400
5,mt_bench,8,fixed_8,1.0276,3.42,8.0,400
5,mt_bench,8,content_only,1.7026,2.87,3.34,400
5,mt_bench,8,load_only,1.675,2.4,2.185,400
5,mt_bench,8,combined,1.6997,2.88,3.38,400
5,mt_bench,8,nightjar,1.5771,2.6275,3.255,400
5,mt_bench,8,tapout,1.3226,3.225,5.57,400
5,mt_bench,8,oracle,1.9461,3.055,2.433,400
5,mt_bench,16,fixed_1,1.5417,1.85,1.0,400
5,mt_bench,16,fixed_2,1.6463,2.555,2.0,400
5,mt_bench,16,fixed_4,1.2408,3.375,4.0,400
5,mt_bench,16,fixed_8,0.7719,3.9025,8.0,400
5,mt_bench,16,content_only,1.605,2.515,2.02,400
5,mt_bench,16,load_only,1.5673,2.485,2.027,400
5,mt_bench,16,combined,1.5908,2.455,1.958,400
5,mt_bench,16,nightjar,1.4333,2.735,2.888,400
5,mt_bench,16,tapout,1.0496,3.63,5.827,400
5,mt_bench,16,oracle,1.7294,2.555,1.705,400
5,mt_bench,32,fixed_1,1.0023,1.74,1.0,400
5,mt_bench,32,fixed_2,0.8321,2.25,2.0,400
5,mt_bench,32,fixed_4,0.6051,2.8075,4.0,400
5,mt_bench,32,fixed_8,0.3574,3.0425,8.0,400
5,mt_bench,32,content_only,0.9144,2.06,1.825,400
5,mt_bench,32,load_only,0.9373,1.8475,1.465,400
5,mt_bench,32,combined,0.9133,1.95,1.745,400
5,mt_bench,32,nightjar,0.7722,2.29,2.973,400
5,mt_bench,32,tapout,0.554,2.88,5.165,400
5,mt_bench,32,oracle,1.0023,1.74,1.0,400
5,mt_bench,64,fixed_1,0.8102,1.7825,1.0,400
5,mt_bench,64,fixed_2,0.6897,2.345,2.0,400
5,mt_bench,64,fixed_4,0.519,3.01,4.0,400
5,mt_bench,64,fixed_8,0.32,3.3925,8.0,400
5,mt_bench,64,content_only,0.7208,2.1875,2.018,400
5,mt_bench,64,load_only,0.7349,2.07,1.798,400
5,mt_bench,64,combined,0.7192,2.1725,2.03,400
5,mt_bench,64,nightjar,0.6232,2.445,3.143,400
5,mt_bench,64,tapout,0.4543,3.21,5.692,400
5,mt_bench,64,oracle,0.8102,1.7825,1.0,400
5,spec_bench,1,fixed_1,1.5437,1.8525,1.0,400
5,spec_bench,1,fixed_2,1.8054,2.5275,2.0,400
5,spec_bench,1,fixed_4,1.8722,3.37,4.0,400
5,spec_bench,1,fixed_8,1.476,3.8375,8.0,400
5,spec_bench,1,content_only,1.8447,3.1825,3.575,400
5,spec_bench,1,load_only,1.7768,2.86,3.087,400
5,spec_bench,1,combined,1.8447,3.1825,3.575,400
5,spec_bench,1,nightjar,1.7344,2.94,3.545,400
5,spec_bench,1,tapout,1.6114,3.54,6.005,400
5,spec_bench,1,oracle,2.1367,3.63,2.95,400
5,spec_bench,4,fixed_1,1.4792,1.775,1.0,400
5,spec_bench,4,fixed_2,1.6911,2.3675,2.0,400
5,spec_bench,4,fixed_4,1.7264,3.1075,4.0,400
5,spec_bench,4,fixed_8,1.4173,3.685,8.0,400
5,spec_bench,4,content_only,1.6665,2.985,3.745,400
5,spec_bench,4,load_only,1.6643,2.33,2.05,400
5,spec_bench,4,combined,1.6989,3.055,3.78,400
5,spec_bench,4,nightjar,1.6177,2.805,3.675,400
5,spec_bench,4,tapout,1.5762,3.4225,5.76,400
5,spec_bench,4,oracle,2.0325,3.5175,2.888,400
5,spec_bench,8,fixed_1,1.4771,1.7725,1.0,400
5,spec_bench,8,fixed_2,1.6714,2.34,2.0,400
5,spec_bench,8,fixed_4,1.7139,3.085,4.0,400
5,spec_bench,8,fixed_8,1.105,3.6775,8.0,400
5,spec_bench,8,content_only,1.759,2.8725,3.025,400
5,spec_bench,8,load_only,1.6894,2.8125,3.275,400
5,spec_bench,8,combined,1.7459,2.8575,3.033,400
5,spec_bench,8,nightjar,1.5761,2.7,3.36,400
5,spec_bench,8,tapout,1.3409,3.38,5.68,400
5,spec_bench,8,oracle,1.9553,3.085,2.433,400
5,spec_bench,16,fixed_1,1.5729,1.8875,1.0,400
5,spec_bench,16,fixed_2,1.7123,2.6575,2.0,400
5,spec_bench,16,fixed_4,1.3842,3.765,4.0,400
5,spec_bench,16,fixed_8,0.9217,4.66,8.0,400
5,spec_bench,16,content_only,1.6478,2.76,2.203,400
5,spec_bench,16,load_only,1.6417,2.58,2.005,400
5,spec_bench,16,combined,1.6363,2.6925,2.16,400
5,spec_bench,16,nightjar,1.4971,2.9575,2.96,400
5,spec_bench,16,tapout,1.1177,4.26,6.428,400
5,spec_bench,16,oracle,1.778,2.6575,1.77,400
5,spec_bench,32,fixed_1,1.0513,1.825,1.0,400
5,spec_bench,32,fixed_2,0.8959,2.4225,2.0,400
5,spec_bench,32,fixed_4,0.6923,3.2125,4.0,400
5,spec_bench,32,fixed_8,0.4391,3.7375,8.0,400
5,spec_bench,32,content_only,0.9672,2.25,1.845,400
5,spec_bench,32,load_only,0.9647,2.095,1.645,400
5,spec_bench,32,combined,0.9645,2.1675,1.785,400
5,spec_bench,32,nightjar,0.8298,2.5375,3.002,400
5,spec_bench,32,tapout,0.5849,3.4675,5.918,400
5,spec_bench,32,oracle,1.0513,1.825,1.0,400
5,spec_bench,64,fixed_1,0.833,1.8325,1.0,400
5,spec_bench,64,fixed_2,0.7331,2.4925,2.0,400
5,spec_bench,64,fixed_4,0.5806,3.3675,4.0,400
5,spec_bench,64,fixed_8,0.3847,4.0775,8.0,400
5,spec_bench,64,content_only,0.7508,2.365,2.092,400
5,spec_bench,64,load_only,0.7626,2.32,1.952,400
5,spec_bench,64,combined,0.7393,2.4175,2.232,400
5,spec_bench,64,nightjar,0.6643,2.7925,3.237,400
5,spec_bench,64,tapout,0.4936,3.76,6.048,400
5,spec_bench,64,oracle,0.833,1.8325,1.0,400
6,humaneval,1,fixed_1,1.6146,1.9375,1.0,400
6,humaneval,1,fixed_2,1.9946,2.7925,2.0,400
6,humaneval,1,fixed_4,2.3125,4.1625,4.0,400
6,humaneval,1,fixed_8,2.2115,5.75,8.0,400
6,humaneval,1,content_only,2.2461,3.9775,3.828,400
6,humaneval,1,load_only,2.2904,4.1175,3.987,400
6,humaneval,1,combined,2.2461,3.9775,3.828,400
6,humaneval,1,nightjar,2.1122,4.0025,4.245,400
6,humaneval,1,tapout,2.1779,5.1725,6.71,400
6,humaneval,1,oracle,2.6411,5.4675,4.7,400
6,humaneval,4,fixed_1,1.6083,1.93,1.0,400
6,humaneval,4,fixed_2,1.9714,2.76,2.0,400
6,humaneval,4,fixed_4,2.2708,4.0875,4.0,400
6,humaneval,4,fixed_8,2.0808,5.41,8.0,400
6,humaneval,4,content_only,2.2181,3.9475,3.875,400
6,humaneval,4,load_only,2.2165,4.01,4.03,400
6,humaneval,4,combined,2.1937,3.8575,3.768,400
6,humaneval,4,nightjar,2.0497,3.7575,4.025,400
6,humaneval,4,tapout,2.0874,4.89,6.61,400
6,humaneval,4,oracle,2.5592,5.15,4.425,400
6,humaneval,8,fixed_1,1.575,1.89,1.0,400
6,humaneval,8,fixed_2,1.9107,2.675,2.0,400
6,humaneval,8,fixed_4,2.1319,3.8375,4.0,400
6,humaneval,8,fixed_8,1.5092,5.0225,8.0,400
6,humaneval,8,content_only,2.0503,3.77,3.942,400
6,humaneval,8,load_only,2.051,3.6825,3.805,400
6,humaneval,8,combined,2.0536,3.8175,4.015,400
6,humaneval,8,nightjar,1.8898,3.405,3.61,400
6,humaneval,8,tapout,1.6078,4.5325,6.57,400
6,humaneval,8,oracle,2.2887,3.8375,3.07,400
6,humaneval,16,fixed_1,1.6,1.92,1.0,400
6,humaneval,16,fixed_2,1.7671,2.7425,2.0,400
6,humaneval,16,fixed_4,1.5055,4.095,4.0,400
6,humaneval,16,fixed_8,1.1229,5.6775,8.0,400
6,humaneval,16,content_only,1.6874,2.94,2.337,400
6,humaneval,16,load_only,1.7084,2.9075,2.283,400
6,humaneval,16,combined,1.7045,2.81,2.185,400
6,humaneval,16,nightjar,1.572,3.3875,3.178,400
6,humaneval,16,tapout,1.2657,5.1125,6.683,400
6,humaneval,16,oracle,1.8191,2.7425,1.823,400
6,humaneval,32,fixed_1,1.0974,1.905,1.0,400
6,humaneval,32,fixed_2,1.0031,2.7125,2.0,400
6,humaneval,32,fixed_4,0.8621,4.0,4.0,400
6,humaneval,32,fixed_8,0.6491,5.525,8.0,400
6,humaneval,32,content_only,1.0171,2.955,2.377,400
6,humaneval,32,load_only,1.0269,2.485,1.913,400
6,humaneval,32,combined,1.0273,2.4125,1.833,400
6,humaneval,32,nightjar,0.9409,3.2675,3.212,400
6,humaneval,32,tapout,0.7328,5.0,6.68,400
6,humaneval,32,oracle,1.0974,1.905,1.0,400
6,humaneval,64,fixed_1,0.8716,1.9175,1.0,400
6,humaneval,64,fixed_2,0.8051,2.7375,2.0,400
6,humaneval,64,fixed_4,0.6914,4.01,4.0,400
6,humaneval,64,fixed_8,0.4965,5.2625,8.0,400
6,humaneval,64,content_only,0.8065,2.715,2.19,400
6,humaneval,64,load_only,0.7983,2.7275,2.24,400
6,humaneval,64,combined,0.7921,2.87,2.413,400
6,humaneval,64,nightjar,0.7423,3.245,3.268,400
6,humaneval,64,tapout,0.5656,4.76,6.582,400
6,humaneval,64,oracle,0.8716,1.9175,1.0,400
6,gsm8k,1,fixed_1,1.3813,1.6575,1.0,400
6,gsm8k,1,fixed_2,1.4982,2.0975,2.0,400
6,gsm8k,1,fixed_4,1.4292,2.5725,4.0,400
6,gsm8k,1,fixed_8,1.0808,2.81,8.0,400
6,gsm8k,1,content_only,1.4812,2.1975,2.44,400
6,gsm8k,1,load_only,1.406,2.21,2.895,400
6,gsm8k,1,combined,1.4812,2.1975,2.44,400
6,gsm8k,1,nightjar,1.376,2.2275,3.315,400
6,gsm8k,1,tapout,1.3179,2.68,4.928,400
6,gsm8k,1,oracle,1.7414,2.705,2.145,400
6,gsm8k,4,fixed_1,1.5229,1.8275,1.0,400
6,gsm8k,4,fixed_2,1.7589,2.4625,2.0,400
6,gsm8k,4,fixed_4,1.8292,3.2925,4.0,400
6,gsm8k,4,fixed_8,1.4663,3.8125,8.0,400
6,gsm8k,4,content_only,1.8056,3.155,3.695,400
6,gsm8k,4,load_only,1.7924,2.9775,3.31,400
6,gsm8k,4,combined,1.8276,3.19,3.685,400
6,gsm8k,4,nightjar,1.6927,3.0475,3.902,400
6,gsm8k,4,tapout,1.6013,3.5625,6.07,400
6,gsm8k,4,oracle,2.1034,3.64,3.005,400
6,gsm8k,8,fixed_1,1.5208,1.825,1.0,400
6,gsm8k,8,fixed_2,1.7179,2.405,2.0,400
6,gsm8k,8,fixed_4,1.7222,3.1,4.0,400
6,gsm8k,8,fixed_8,1.0592,3.525,8.0,400
6,gsm8k,8,content_only,1.7348,2.795,2.998,400
6,gsm8k,8,load_only,1.7288,2.89,3.297,400
6,gsm8k,8,combined,1.7091,2.685,2.797,400
6,gsm8k,8,nightjar,1.5878,2.695,3.308,400
6,gsm8k,8,tapout,1.3098,3.2625,5.865,400
6,gsm8k,8,oracle,1.9843,3.1,2.415,400
6,gsm8k,16,fixed_1,1.5062,1.8075,1.0,400
6,gsm8k,16,fixed_2,1.5432,2.395,2.0,400
6,gsm8k,16,fixed_4,1.1461,3.1175,4.0,400
6,gsm8k,16,fixed_8,0.7051,3.565,8.0,400
6,gsm8k,16,content_only,1.5109,2.3075,1.925,400
6,gsm8k,16,load_only,1.4827,2.1475,1.722,400
6,gsm8k,16,combined,1.5074,2.275,1.93,400
6,gsm8k,16,nightjar,1.3514,2.55,2.868,400
6,gsm8k,16,tapout,0.9626,3.2975,5.855,400
6,gsm8k,16,oracle,1.6627,2.395,1.587,400
6,gsm8k,32,fixed_1,1.0181,1.7675,1.0,400
6,gsm8k,32,fixed_2,0.8626,2.3325,2.0,400
6,gsm8k,32,fixed_4,0.6444,2.99,4.0,400
6,gsm8k,32,fixed_8,0.3933,3.3475,8.0,400
6,gsm8k,32,content_only,0.9453,2.045,1.667,400
6,gsm8k,32,load_only,0.9353,2.035,1.683,400
6,gsm8k,32,combined,0.9203,2.1275,1.88,400
6,gsm8k,32,nightjar,0.7964,2.4525,3.018,400
6,gsm8k,32,tapout,0.5582,3.11,5.593,400
6,gsm8k,32,oracle,1.0181,1.7675,1.0,400
6,gsm8k,64,fixed_1,0.8443,1.8575,1.0,400
6,gsm8k,64,fixed_2,0.75,2.55,2.0,400
6,gsm8k,64,fixed_4,0.5858,3.3975,4.0,400
6,gsm8k,64,fixed_8,0.3757,3.9825,8.0,400
6,gsm8k,64,content_only,0.7736,2.28,1.893,400
6,gsm8k,64,load_only,0.7735,2.325,1.925,400
6,gsm8k,64,combined,0.769,2.2775,1.915,400
6,gsm8k,64,nightjar,0.6814,2.805,3.183,400
6,gsm8k,64,tapout,0.4823,3.715,6.17,400
6,gsm8k,64,oracle,0.8443,1.8575,1.0,400
6,mt_bench,1,fixed_1,1.3479,1.6175,1.0,400
6,mt_bench,1,fixed_2,1.4357,2.01,2.0,400
6,mt_bench,1,fixed_4,1.2736,2.2925,4.0,400
6,mt_bench,1,fixed_8,0.9077,2.36,8.0,400
6,mt_bench,1,content_only,1.4087,2.0175,2.245,400
6,mt_bench,1,load_only,1.3732,1.95,2.183,400
6,mt_bench,1,combined,1.4087,2.0175,2.245,400
6,mt_bench,1,nightjar,1.2981,2.115,3.355,400
6,mt_bench,1,tapout,1.201,2.2625,4.595,400
6,mt_bench,1,oracle,1.599,2.31,1.812,400
6,mt_bench,4,fixed_1,1.4917,1.79,1.0,400
6,mt_bench,4,fixed_2,1.6875,2.3625,2.0,400
6,mt_bench,4,fixed_4,1.6667,3.0,4.0,400
6,mt_bench,4,fixed_8,1.2837,3.3375,8.0,400
6,mt_bench,4,content_only,1.6757,2.915,3.647,400
6,mt_bench,4,load_only,1.6768,2.9325,3.717,400
6,mt_bench,4,combined,1.6771,2.8125,3.333,400
6,mt_bench,4,nightjar,1.5895,2.72,3.612,400
6,mt_bench,4,tapout,1.4702,3.1275,5.585,400
6,mt_bench,4,oracle,1.9582,3.16,2.522,400
6,mt_bench,8,fixed_1,1.4479,1.7375,1.0,400
6,mt_bench,8,fixed_2,1.6125,2.2575,2.0,400
6,mt_bench,8,fixed_4,1.5944,2.87,4.0,400
6,mt_bench,8,fixed_8,0.954,3.175,8.0,400
6,mt_bench,8,content_only,1.6229,2.6675,3.1,400
6,mt_bench,8,load_only,1.6069,2.77,3.56,400
6,mt_bench,8,combined,1.6408,2.7325,3.172,400
6,mt_bench,8,nightjar,1.4934,2.4775,3.22,400
6,mt_bench,8,tapout,1.2614,2.9725,5.28,400
6,mt_bench,8,oracle,1.8644,2.87,2.24,400
6,mt_bench,16,fixed_1,1.3667,1.64,1.0,400
6,mt_bench,16,fixed_2,1.3386,2.0775,2.0,400
6,mt_bench,16,fixed_4,0.8952,2.435,4.0,400
6,mt_bench,16,fixed_8,0.5044,2.55,8.0,400
6,mt_bench,16,content_only,1.3183,2.0125,2.035,400
6,mt_bench,16,load_only,1.3314,1.965,1.845,400
6,mt_bench,16,combined,1.3191,2.0375,2.04,400
6,mt_bench,16,nightjar,1.1647,2.0775,2.795,400
6,mt_bench,16,tapout,0.8684,2.43,4.822,400
6,mt_bench,16,oracle,1.4832,2.0775,1.438,400
6,mt_bench,32,fixed_1,1.0239,1.7775,1.0,400
6,mt_bench,32,fixed_2,0.8645,2.3375,2.0,400
6,mt_bench,32,fixed_4,0.6492,3.0125,4.0,400
6,mt_bench,32,fixed_8,0.3912,3.33,8.0,400
6,mt_bench,32,content_only,0.9512,1.9875,1.633,400
6,mt_bench,32,load_only,0.9453,2.08,1.695,400
6,mt_bench,32,combined,0.9396,2.06,1.742,400
6,mt_bench,32,nightjar,0.8042,2.465,3.02,400
6,mt_bench,32,tapout,0.5613,3.11,5.508,400
6,mt_bench,32,oracle,1.0239,1.7775,1.0,400
6,mt_bench,64,fixed_1,0.7705,1.695,1.0,400
6,mt_bench,64,fixed_2,0.6265,2.13,2.0,400
6,mt_bench,64,fixed_4,0.4362,2.53,4.0,400
6,mt_bench,64,fixed_8,0.2535,2.6875,8.0,400
6,mt_bench,64,content_only,0.6866,1.9225,1.865,400
6,mt_bench,64,load_only,0.6957,1.8775,1.728,400
6,mt_bench,64,combined,0.6817,1.92,1.94,400
6,mt_bench,64,nightjar,0.5675,2.185,3.145,400
6,mt_bench,64,tapout,0.4274,2.5725,4.883,400
6,mt_bench,64,oracle,0.7705,1.695,1.0,400
6,spec_bench,1,fixed_1,1.45,1.74,1.0,400
6,spec_bench,1,fixed_2,1.6,2.24,2.0,400
6,spec_bench,1,fixed_4,1.5625,2.8125,4.0,400
6,spec_bench,1,fixed_8,1.2096,3.145,8.0,400
6,spec_bench,1,content_only,1.6086,2.56,2.935,400
6,spec_bench,1,load_only,1.5685,2.635,3.373,400
6,spec_bench,1,combined,1.6086,2.56,2.935,400
6,spec_bench,1,nightjar,1.4931,2.5125,3.507,400
6,spec_bench,1,tapout,1.3951,2.94,5.55,400
6,spec_bench,1,oracle,1.877,3.02,2.4,400
6,spec_bench,4,fixed_1,1.5292,1.835,1.0,400
6,spec_bench,4,fixed_2,1.7893,2.505,2.0,400
6,spec_bench,4,fixed_4,1.8861,3.395,4.0,400
6,spec_bench,4,fixed_8,1.5731,4.09,8.0,400
6,spec_bench,4,content_only,1.885,3.285,3.635,400
6,spec_bench,4,load_only,1.8428,3.09,3.373,400
6,spec_bench,4,combined,1.8893,3.26,3.558,400
6,spec_bench,4,nightjar,1.7313,3.025,3.723,400
6,spec_bench,4,tapout,1.6445,3.6575,6.085,400
6,spec_bench,4,oracle,2.1719,3.8825,3.23,400
6,spec_bench,8,fixed_1,1.4896,1.7875,1.0,400
6,spec_bench,8,fixed_2,1.7125,2.3975,2.0,400
6,spec_bench,8,fixed_4,1.7792,3.2025,4.0,400
6,spec_bench,8,fixed_8,1.111,3.6975,8.0,400
6,spec_bench,8,content_only,1.7597,3.105,3.67,400
6,spec_bench,8,load_only,1.6875,2.5025,2.42,400
6,spec_bench,8,combined,1.7666,3.0075,3.393,400
6,spec_bench,8,nightjar,1.6276,2.8525,3.458,400
6,spec_bench,8,tapout,1.3462,3.4825,5.97,400
6,spec_bench,8,oracle,2.0142,3.2025,2.505,400
6,spec_bench,16,fixed_1,1.4521,1.7425,1.0,400
6,spec_bench,16,fixed_2,1.482,2.3,2.0,400
6,spec_bench,16,fixed_4,1.1002,2.9925,4.0,400
6,spec_bench,16,fixed_8,0.7007,3.5425,8.0,400
6,spec_bench,16,content_only,1.4321,2.325,2.152,400
6,spec_bench,16,load_only,1.4367,2.2775,2.04,400
6,spec_bench,16,combined,1.4277,2.3325,2.192,400
6,spec_bench,16,nightjar,1.2864,2.4375,2.893,400
6,spec_bench,16,tapout,0.9534,3.29,5.713,400
6,spec_bench,16,oracle,1.6006,2.3,1.558,400
6,spec_bench,32,fixed_1,1.0124,1.7575,1.0,400
6,spec_bench,32,fixed_2,0.8515,2.3025,2.0,400
6,spec_bench,32,fixed_4,0.6466,3.0,4.0,400
6,spec_bench,32,fixed_8,0.41,3.49,8.0,400
6,spec_bench,32,content_only,0.9261,2.05,1.745,400
6,spec_bench,32,load_only,0.9335,2.03,1.673,400
6,spec_bench,32,combined,0.9231,2.09,1.837,400
6,spec_bench,32,nightjar,0.7962,2.4225,3.002,400
6,spec_bench,32,tapout,0.5628,3.2525,5.737,400
6,spec_bench,32,oracle,1.0124,1.7575,1.0,400
6,spec_bench,64,fixed_1,0.8398,1.8475,1.0,400
6,spec_bench,64,fixed_2,0.7397,2.515,2.0,400
6,spec_bench,64,fixed_4,0.5918,3.4325,4.0,400
6,spec_bench,64,fixed_8,0.4014,4.255,8.0,400
6,spec_bench,64,content_only,0.7681,2.2175,1.847,400
6,spec_bench,64,load_only,0.7639,2.42,2.058,400
6,spec_bench,64,combined,0.7546,2.3325,2.06,400
6,spec_bench,64,nightjar,0.6782,2.8,3.192,400
6,spec_bench,64,tapout,0.4942,3.885,6.145,400
6,spec_bench,64,oracle,0.8398,1.8475,1.0,400
7,humaneval,1,fixed_1,1.6083,1.93,1.0,400
7,humaneval,1,fixed_2,1.9857,2.78,2.0,400
7,humaneval,1,fixed_4,2.3417,4.215,4.0,400
7,humaneval,1,fixed_8,2.326,6.0475,8.0,400
7,humaneval,1,content_only,2.2843,4.025,3.772,400
7,humaneval,1,load_only,2.3083,4.415,4.51,400
7,humaneval,1,combined,2.2843,4.025,3.772,400
7,humaneval,1,nightjar,2.208,4.275,4.39,400
7,humaneval,1,tapout,2.2721,5.385,6.652,400
7,humaneval,1,oracle,2.7086,5.82,5.04,400
7,humaneval,4,fixed_1,1.5771,1.8925,1.0,400
7,humaneval,4,fixed_2,1.9,2.66,2.0,400
7,humaneval,4,fixed_4,2.0792,3.7425,4.0,400
7,humaneval,4,fixed_8,1.801,4.6825,8.0,400
7,humaneval,4,content_only,2.045,3.615,3.803,400
7,humaneval,4,load_only,2.0516,3.625,3.822,400
7,humaneval,4,combined,1.9759,4.065,5.197,400
7,humaneval,4,nightjar,1.898,3.4575,3.982,400
7,humaneval,4,tapout,1.8499,4.2575,6.445,400
7,humaneval,4,oracle,2.3667,4.4375,3.712,400
7,humaneval,8,fixed_1,1.5792,1.895,1.0,400
7,humaneval,8,fixed_2,1.8929,2.65,2.0,400
7,humaneval,8,fixed_4,2.0403,3.6725,4.0,400
7,humaneval,8,fixed_8,1.3507,4.495,8.0,400
7,humaneval,8,content_only,1.9746,3.3775,3.45,400
7,humaneval,8,load_only,1.9096,3.115,3.067,400
7,humaneval,8,combined,1.9859,3.4075,3.47,400
7,humaneval,8,nightjar,1.7843,3.15,3.442,400
7,humaneval,8,tapout,1.5321,4.1675,6.402,400
7,humaneval,8,oracle,2.2377,3.6725,2.885,400
7,humaneval,16,fixed_1,1.575,1.89,1.0,400
7,humaneval,16,fixed_2,1.7091,2.6525,2.0,400
7,humaneval,16,fixed_4,1.3814,3.7575,4.0,400
7,humaneval,16,fixed_8,0.9662,4.885,8.0,400
7,humaneval,16,content_only,1.645,2.62,2.035,400
7,humaneval,16,load_only,1.6405,2.575,2.025,400
7,humaneval,16,combined,1.6114,2.75,2.23,400
7,humaneval,16,nightjar,1.4957,3.02,3.02,400
7,humaneval,16,tapout,1.1522,4.42,6.482,400
7,humaneval,16,oracle,1.7781,2.6525,1.762,400
7,humaneval,32,fixed_1,1.1175,1.94,1.0,400
7,humaneval,32,fixed_2,1.0374,2.805,2.0,400
7,humaneval,32,fixed_4,0.9019,4.185,4.0,400
7,humaneval,32,fixed_8,0.6723,5.7225,8.0,400
7,humaneval,32,content_only,1.0467,2.7925,2.143,400
7,humaneval,32,load_only,1.043,2.82,2.18,400
7,humaneval,32,combined,1.0434,2.715,2.09,400
7,humaneval,32,nightjar,0.9698,3.375,3.197,400
7,humaneval,32,tapout,0.7533,5.1625,6.742,400
7,humaneval,32,oracle,1.1175,1.94,1.0,400
7,humaneval,64,fixed_1,0.8625,1.8975,1.0,400
7,humaneval,64,fixed_2,0.7934,2.6975,2.0,400
7,humaneval,64,fixed_4,0.6823,3.9575,4.0,400
7,humaneval,64,fixed_8,0.5163,5.4725,8.0,400
7,humaneval,64,content_only,0.7998,2.73,2.228,400
7,humaneval,64,load_only,0.7926,2.67,2.21,400
7,humaneval,64,combined,0.7907,2.7925,2.342,400
7,humaneval,64,nightjar,0.7384,3.3775,3.357,400
7,humaneval,64,tapout,0.5858,4.9075,6.457,400
7,humaneval,64,oracle,0.8625,1.8975,1.0,400
7,gsm8k,1,fixed_1,1.5438,1.8525,1.0,400
7,gsm8k,1,fixed_2,1.7946,2.5125,2.0,400
7,gsm8k,1,fixed_4,1.8958,3.4125,4.0,400
7,gsm8k,1,fixed_8,1.5837,4.1175,8.0,400
7,gsm8k,1,content_only,1.8828,3.2575,3.598,400
7,gsm8k,1,load_only,1.7537,2.5375,2.3,400
7,gsm8k,1,combined,1.8828,3.2575,3.598,400
7,gsm8k,1,nightjar,1.757,3.11,3.797,400
7,gsm8k,1,tapout,1.6781,3.76,6.138,400
7,gsm8k,1,oracle,2.1779,3.8775,3.22,400
7,gsm8k,4,fixed_1,1.5729,1.8875,1.0,400
7,gsm8k,4,fixed_2,1.8304,2.5625,2.0,400
7,gsm8k,4,fixed_4,1.9556,3.52,4.0,400
7,gsm8k,4,fixed_8,1.6135,4.195,8.0,400
7,gsm8k,4,content_only,1.9134,3.25,3.46,400
7,gsm8k,4,load_only,1.9144,3.335,3.7,400
7,gsm8k,4,combined,1.937,3.3325,3.558,400
7,gsm8k,4,nightjar,1.8123,3.1925,3.78,400
7,gsm8k,4,tapout,1.7236,3.8725,6.095,400
7,gsm8k,4,oracle,2.2247,3.97,3.3,400
7,gsm8k,8,fixed_1,1.4729,1.7675,1.0,400
7,gsm8k,8,fixed_2,1.6393,2.295,2.0,400
7,gsm8k,8,fixed_4,1.6,2.88,4.0,400
7,gsm8k,8,fixed_8,0.9548,3.1775,8.0,400
7,gsm8k,8,content_only,1.6394,2.74,3.25,400
7,gsm8k,8,load_only,1.613,2.2925,2.15,400
7,gsm8k,8,combined,1.6206,2.4375,2.535,400
7,gsm8k,8,nightjar,1.5163,2.4925,3.188,400
7,gsm8k,8,tapout,1.2462,2.9725,5.548,400
7,gsm8k,8,oracle,1.8765,2.88,2.252,400
7,gsm8k,16,fixed_1,1.5396,1.8475,1.0,400
7,gsm8k,16,fixed_2,1.6237,2.52,2.0,400
7,gsm8k,16,fixed_4,1.2289,3.3425,4.0,400
7,gsm8k,16,fixed_8,0.7615,3.85,8.0,400
7,gsm8k,16,content_only,1.5407,2.2525,1.768,400
7,gsm8k,16,load_only,1.5852,2.41,1.913,400
7,gsm8k,16,combined,1.5491,2.3725,1.933,400
7,gsm8k,16,nightjar,1.3884,2.61,2.842,400
7,gsm8k,16,tapout,0.9907,3.5275,6.105,400
7,gsm8k,16,oracle,1.7187,2.52,1.673,400
7,gsm8k,32,fixed_1,0.9879,1.715,1.0,400
7,gsm8k,32,fixed_2,0.8136,2.2,2.0,400
7,gsm8k,32,fixed_4,0.5927,2.75,4.0,400
7,gsm8k,32,fixed_8,0.358,3.0475,8.0,400
7,gsm8k,32,content_only,0.8954,1.9825,1.808,400
7,gsm8k,32,load_only,0.8909,2.055,1.823,400
7,gsm8k,32,combined,0.8886,1.985,1.87,400
7,gsm8k,32,nightjar,0.7566,2.315,3.035,400
7,gsm8k,32,tapout,0.5287,2.8725,5.367,400
7,gsm8k,32,oracle,0.9879,1.715,1.0,400
7,gsm8k,64,fixed_1,0.8511,1.8725,1.0,400
7,gsm8k,64,fixed_2,0.7478,2.5425,2.0,400
7,gsm8k,64,fixed_4,0.5776,3.35,4.0,400
7,gsm8k,64,fixed_8,0.3682,3.9025,8.0,400
7,gsm8k,64,content_only,0.7734,2.255,1.85,400
7,gsm8k,64,load_only,0.7714,2.2775,1.89,400
7,gsm8k,64,combined,0.7676,2.255,1.897,400
7,gsm8k,64,nightjar,0.6747,2.7575,3.178,400
7,gsm8k,64,tapout,0.4789,3.6075,6.062,400
7,gsm8k,64,oracle,0.8511,1.8725,1.0,400
7,mt_bench,1,fixed_1,1.4563,1.7475,1.0,400
7,mt_bench,1,fixed_2,1.6089,2.2525,2.0,400
7,mt_bench,1,fixed_4,1.5944,2.87,4.0,400
7,mt_bench,1,fixed_8,1.2308,3.2,8.0,400
7,mt_bench,1,content_only,1.5844,2.485,2.792,400
7,mt_bench,1,load_only,1.5471,2.3625,2.73,400
7,mt_bench,1,combined,1.5844,2.485,2.792,400
7,mt_bench,1,nightjar,1.5429,2.7075,3.748,400
7,mt_bench,1,tapout,1.4549,3.0225,5.253,400
7,mt_bench,1,oracle,1.8944,3.0575,2.44,400
7,mt_bench,4,fixed_1,1.3958,1.675,1.0,400
7,mt_bench,4,fixed_2,1.4929,2.09,2.0,400
7,mt_bench,4,fixed_4,1.3667,2.46,4.0,400
7,mt_bench,4,fixed_8,0.9875,2.5675,8.0,400
7,mt_bench,4,content_only,1.4788,2.34,2.848,400
7,mt_bench,4,load_only,1.4223,2.0925,2.422,400
7,mt_bench,4,combined,1.4617,2.345,2.947,400
7,mt_bench,4,nightjar,1.3501,2.16,3.248,400
7,mt_bench,4,tapout,1.2842,2.44,4.723,400
7,mt_bench,4,oracle,1.6889,2.4875,1.925,400
7,mt_bench,8,fixed_1,1.4438,1.7325,1.0,400
7,mt_bench,8,fixed_2,1.5589,2.1825,2.0,400
7,mt_bench,8,fixed_4,1.4056,2.53,4.0,400
7,mt_bench,8,fixed_8,0.797,2.6525,8.0,400
7,mt_bench,8,content_only,1.5016,2.13,2.158,400
7,mt_bench,8,load_only,1.4817,2.14,2.252,400
7,mt_bench,8,combined,1.4922,2.075,2.01,400
7,mt_bench,8,nightjar,1.3901,2.2275,3.055,400
7,mt_bench,8,tapout,1.1951,2.5475,4.9,400
7,mt_bench,8,oracle,1.7439,2.53,1.9,400
7,mt_bench,16,fixed_1,1.4396,1.7275,1.0,400
7,mt_bench,16,fixed_2,1.4143,2.195,2.0,400
7,mt_bench,16,fixed_4,0.9651,2.625,4.0,400
7,mt_bench,16,fixed_8,0.5498,2.78,8.0,400
7,mt_bench,16,content_only,1.4132,2.0225,1.728,400
7,mt_bench,16,load_only,1.3976,1.795,1.325,400
7,mt_bench,16,combined,1.4117,2.12,1.92,400
7,mt_bench,16,nightjar,1.2334,2.24,2.81,400
7,mt_bench,16,tapout,0.9156,2.63,5.03,400
7,mt_bench,16,oracle,1.5641,2.195,1.468,400
7,mt_bench,32,fixed_1,0.9706,1.685,1.0,400
7,mt_bench,32,fixed_2,0.7859,2.125,2.0,400
7,mt_bench,32,fixed_4,0.5603,2.6,4.0,400
7,mt_bench,32,fixed_8,0.3278,2.79,8.0,400
7,mt_bench,32,content_only,0.8694,2.0,1.847,400
7,mt_bench,32,load_only,0.8811,1.9,1.66,400
7,mt_bench,32,combined,0.8747,1.9825,1.823,400
7,mt_bench,32,nightjar,0.7353,2.2175,3.022,400
7,mt_bench,32,tapout,0.5355,2.6475,5.022,400
7,mt_bench,32,oracle,0.9706,1.685,1.0,400
7,mt_bench,64,fixed_1,0.7636,1.68,1.0,400
7,mt_bench,64,fixed_2,0.6191,2.105,2.0,400
7,mt_bench,64,fixed_4,0.4401,2.5525,4.0,400
7,mt_bench,64,fixed_8,0.2547,2.7,8.0,400
7,mt_bench,64,content_only,0.6625,1.99,2.025,400
7,mt_bench,64,load_only,0.6837,1.855,1.748,400
7,mt_bench,64,combined,0.6708,1.945,1.972,400
7,mt_bench,64,nightjar,0.5677,2.1925,3.14,400
7,mt_bench,64,tapout,0.4164,2.5625,4.96,400
7,mt_bench,64,oracle,0.7636,1.68,1.0,400
7,spec_bench,1,fixed_1,1.5333,1.84,1.0,400
7,spec_bench,1,fixed_2,1.8018,2.5225,2.0,400
7,spec_bench,1,fixed_4,1.9347,3.4825,4.0,400
7,spec_bench,1,fixed_8,1.5846,4.12,8.0,400
7,spec_bench,1,content_only,1.8974,3.435,4.032,400
7,spec_bench,1,load_only,1.9041,3.29,3.61,400
7,spec_bench,1,combined,1.8974,3.435,4.032,400
7,spec_bench,1,nightjar,1.7767,3.0975,3.715,400
7,spec_bench,1,tapout,1.7116,3.815,6.05,400
7,spec_bench,1,oracle,2.2076,3.93,3.228,400
7,spec_bench,4,fixed_1,1.5063,1.8075,1.0,400
7,spec_bench,4,fixed_2,1.725,2.415,2.0,400
7,spec_bench,4,fixed_4,1.7569,3.1625,4.0,400
7,spec_bench,4,fixed_8,1.3885,3.61,8.0,400
7,spec_bench,4,content_only,1.7689,2.8775,3.047,400
7,spec_bench,4,load_only,1.6779,2.89,3.638,400
7,spec_bench,4,combined,1.7579,2.98,3.408,400
7,spec_bench,4,nightjar,1.6627,2.875,3.665,400
7,spec_bench,4,tapout,1.5619,3.4225,5.89,400
7,spec_bench,4,oracle,2.0411,3.4375,2.797,400
7,spec_bench,8,fixed_1,1.5146,1.8175,1.0,400
7,spec_bench,8,fixed_2,1.7554,2.4575,2.0,400
7,spec_bench,8,fixed_4,1.8167,3.27,4.0,400
7,spec_bench,8,fixed_8,1.1621,3.8675,8.0,400
7,spec_bench,8,content_only,1.8339,3.0975,3.375,400
7,spec_bench,8,load_only,1.7226,2.445,2.123,400
7,spec_bench,8,combined,1.83,3.1325,3.455,400
7,spec_bench,8,nightjar,1.6857,2.8575,3.322,400
7,spec_bench,8,tapout,1.3774,3.575,6.037,400
7,spec_bench,8,oracle,2.0445,3.27,2.59,400
7,spec_bench,16,fixed_1,1.5,1.8,1.0,400
7,spec_bench,16,fixed_2,1.5641,2.4275,2.0,400
7,spec_bench,16,fixed_4,1.1654,3.17,4.0,400
7,spec_bench,16,fixed_8,0.7234,3.6575,8.0,400
7,spec_bench,16,content_only,1.5086,2.325,1.992,400
7,spec_bench,16,load_only,1.5188,2.38,2.022,400
7,spec_bench,16,combined,1.5172,2.3725,2.042,400
7,spec_bench,16,nightjar,1.3696,2.59,2.88,400
7,spec_bench,16,tapout,0.9905,3.3925,5.805,400
7,spec_bench,16,oracle,1.6671,2.4275,1.627,400
7,spec_bench,32,fixed_1,1.0714,1.86,1.0,400
7,spec_bench,32,fixed_2,0.9458,2.5575,2.0,400
7,spec_bench,32,fixed_4,0.7586,3.52,4.0,400
7,spec_bench,32,fixed_8,0.4928,4.195,8.0,400
7,spec_bench,32,content_only,0.9867,2.255,1.835,400
7,spec_bench,32,load_only,0.9974,2.2675,1.755,400
7,spec_bench,32,combined,0.9777,2.365,1.985,400
7,spec_bench,32,nightjar,0.8791,2.79,3.042,400
7,spec_bench,32,tapout,0.6113,3.8975,6.298,400
7,spec_bench,32,oracle,1.0714,1.86,1.0,400
7,spec_bench,64,fixed_1,0.833,1.8325,1.0,400
7,spec_bench,64,fixed_2,0.7331,2.4925,2.0,400
7,spec_bench,64,fixed_4,0.5875,3.4075,4.0,400
7,spec_bench,64,fixed_8,0.3866,4.0975,8.0,400
7,spec_bench,64,content_only,0.759,2.255,1.913,400
7,spec_bench,64,load_only,0.7578,2.365,2.027,400
7,spec_bench,64,combined,0.7497,2.4575,2.163,400
7,spec_bench,64,nightjar,0.6751,2.7925,3.192,400
7,spec_bench,64,tapout,0.4818,3.79,6.255,400
7,spec_bench,64,oracle,0.833,1.8325,1.0,400
