seed,workload,policy,mean_speedup,accepted_tokens_per_step,mean_K,n_steps
0,humaneval,fixed_1,1.392,1.9052,1.0,5000
0,humaneval,fixed_2,1.5758,2.7086,2.0,5000
0,humaneval,fixed_4,1.6418,3.9772,4.0,5000
0,humaneval,fixed_8,1.3623,5.3706,8.0,5000
0,humaneval,svip,1.421,5.3616,7.382,5000
0,humaneval,tapout,1.4265,4.8368,6.56,5000
0,humaneval,banditspec_ucb,1.5663,3.2226,3.009,5000
0,humaneval,banditspec_exp3,1.4926,3.486,3.758,5000
0,humaneval,eps_greedy,1.5645,2.8038,2.197,5000
0,humaneval,linucb_content,1.5538,3.3742,3.256,5000
0,humaneval,nightjar,1.6908,3.3116,3.085,5000
0,humaneval,oracle_load,1.745,3.1292,2.769,5000
0,humaneval,oracle_content,1.6677,3.6878,3.287,5000
0,humaneval,oracle_loadcontent,1.7578,3.4084,3.216,5000
0,humaneval,content_only,1.6269,3.395,2.97,5000
0,humaneval,load_only,1.6911,3.4146,3.224,5000
0,humaneval,combined,1.6978,3.4342,3.17,5000
0,humaneval,oracle,1.8899,3.511,2.686,5000
0,gsm8k,fixed_1,1.3236,1.826,1.0,5000
0,gsm8k,fixed_2,1.4134,2.4606,2.0,5000
0,gsm8k,fixed_4,1.3226,3.2534,4.0,5000
0,gsm8k,fixed_8,0.9476,3.8018,8.0,5000
0,gsm8k,svip,1.1808,3.7742,5.622,5000
0,gsm8k,tapout,1.1255,3.5476,5.883,5000
0,gsm8k,banditspec_ucb,1.398,2.4348,2.031,5000
0,gsm8k,banditspec_exp3,1.2454,2.8114,3.752,5000
0,gsm8k,eps_greedy,1.3948,2.4802,2.153,5000
0,gsm8k,linucb_content,1.3532,2.5804,2.678,5000
0,gsm8k,nightjar,1.4316,2.559,2.516,5000
0,gsm8k,oracle_load,1.4802,2.6558,2.701,5000
0,gsm8k,oracle_content,1.4609,2.724,2.212,5000
0,gsm8k,oracle_loadcontent,1.5256,2.5784,2.185,5000
0,gsm8k,content_only,1.4153,2.4872,2.073,5000
0,gsm8k,load_only,1.4289,2.3546,1.976,5000
0,gsm8k,combined,1.4376,2.4878,2.163,5000
0,gsm8k,oracle,1.6333,2.7624,2.019,5000
0,mt_bench,fixed_1,1.2536,1.7478,1.0,5000
0,mt_bench,fixed_2,1.2857,2.282,2.0,5000
0,mt_bench,fixed_4,1.1136,2.8614,4.0,5000
0,mt_bench,fixed_8,0.753,3.156,8.0,5000
0,mt_bench,svip,1.1091,3.108,4.373,5000
0,mt_bench,tapout,0.9887,2.9722,5.288,5000
0,mt_bench,banditspec_ucb,1.2559,2.0262,1.567,5000
0,mt_bench,banditspec_exp3,1.1045,2.5236,3.751,5000
0,mt_bench,eps_greedy,1.2391,1.8884,1.41,5000
0,mt_bench,linucb_content,1.1857,2.6216,3.158,5000
0,mt_bench,nightjar,1.2897,2.2942,2.335,5000
0,mt_bench,oracle_load,1.3312,1.9844,1.439,5000
0,mt_bench,oracle_content,1.3333,2.4062,1.93,5000
0,mt_bench,oracle_loadcontent,1.3855,2.2412,1.768,5000
0,mt_bench,content_only,1.3024,2.2308,1.861,5000
0,mt_bench,load_only,1.264,2.0424,1.771,5000
0,mt_bench,combined,1.3158,2.4882,2.489,5000
0,mt_bench,oracle,1.4776,2.4288,1.74,5000
0,spec_bench,fixed_1,1.2891,1.8016,1.0,5000
0,spec_bench,fixed_2,1.355,2.4184,2.0,5000
0,spec_bench,fixed_4,1.2362,3.2094,4.0,5000
0,spec_bench,fixed_8,0.8947,3.8118,8.0,5000
0,spec_bench,svip,1.1123,3.782,5.69,5000
0,spec_bench,tapout,1.0688,3.5438,5.887,5000
0,spec_bench,banditspec_ucb,1.3438,2.3436,1.895,5000
0,spec_bench,banditspec_exp3,1.1844,2.7882,3.752,5000
0,spec_bench,eps_greedy,1.3388,2.4388,2.155,5000
0,spec_bench,linucb_content,1.2789,2.6618,2.824,5000
0,spec_bench,nightjar,1.3621,2.5464,2.574,5000
0,spec_bench,oracle_load,1.4116,2.5266,2.552,5000
0,spec_bench,oracle_content,1.3834,2.8258,2.443,5000
0,spec_bench,oracle_loadcontent,1.4564,2.4266,1.968,5000
0,spec_bench,content_only,1.3603,2.3632,1.873,5000
0,spec_bench,load_only,1.3794,2.3548,2.042,5000
0,spec_bench,combined,1.4004,2.667,2.539,5000
0,spec_bench,oracle,1.5634,2.6602,1.926,5000
1,humaneval,fixed_1,1.4268,1.9094,1.0,5000
1,humaneval,fixed_2,1.6108,2.7028,2.0,5000
1,humaneval,fixed_4,1.6491,3.9334,4.0,5000
1,humaneval,fixed_8,1.3361,5.2496,8.0,5000
1,humaneval,svip,1.4022,5.2414,7.34,5000
1,humaneval,tapout,1.4111,4.727,6.554,5000
1,humaneval,banditspec_ucb,1.6098,2.707,2.017,5000
1,humaneval,banditspec_exp3,1.5042,3.4448,3.757,5000
1,humaneval,eps_greedy,1.5955,3.3342,3.12,5000
1,humaneval,linucb_content,1.5723,3.1314,2.762,5000
1,humaneval,nightjar,1.7046,3.2412,3.026,5000
1,humaneval,oracle_load,1.7654,3.1276,2.791,5000
1,humaneval,oracle_content,1.6892,3.6452,3.244,5000
1,humaneval,oracle_loadcontent,1.7779,3.4068,3.23,5000
1,humaneval,content_only,1.6732,3.8226,3.7,5000
1,humaneval,load_only,1.6911,3.4338,3.278,5000
1,humaneval,combined,1.6695,2.8742,2.313,5000
1,humaneval,oracle,1.9171,3.5016,2.676,5000
1,gsm8k,fixed_1,1.3202,1.7826,1.0,5000
1,gsm8k,fixed_2,1.3905,2.3522,2.0,5000
1,gsm8k,fixed_4,1.2717,3.0236,4.0,5000
1,gsm8k,fixed_8,0.892,3.442,8.0,5000
1,gsm8k,svip,1.1877,3.403,5.029,5000
1,gsm8k,tapout,1.1,3.201,5.573,5000
1,gsm8k,banditspec_ucb,1.3889,2.3102,1.945,5000
1,gsm8k,banditspec_exp3,1.2127,2.6418,3.751,5000
1,gsm8k,eps_greedy,1.3711,2.3708,2.167,5000
1,gsm8k,linucb_content,1.3156,2.5828,2.833,5000
1,gsm8k,nightjar,1.3912,2.3136,2.195,5000
1,gsm8k,oracle_load,1.4243,2.5434,2.83,5000
1,gsm8k,oracle_content,1.4371,2.5022,1.988,5000
1,gsm8k,oracle_loadcontent,1.4943,2.4534,2.098,5000
1,gsm8k,content_only,1.3902,2.4122,2.11,5000
1,gsm8k,load_only,1.4122,2.2378,1.876,5000
1,gsm8k,combined,1.4313,2.4974,2.35,5000
1,gsm8k,oracle,1.6063,2.655,1.959,5000
1,mt_bench,fixed_1,1.234,1.7252,1.0,5000
1,mt_bench,fixed_2,1.2615,2.23,2.0,5000
1,mt_bench,fixed_4,1.0945,2.7514,4.0,5000
1,mt_bench,fixed_8,0.7232,2.9966,8.0,5000
1,mt_bench,svip,1.0916,2.9448,4.203,5000
1,mt_bench,tapout,0.969,2.835,5.208,5000
1,mt_bench,banditspec_ucb,1.2247,1.8302,1.298,5000
1,mt_bench,banditspec_exp3,1.0816,2.4206,3.751,5000
1,mt_bench,eps_greedy,1.2352,2.2798,2.294,5000
1,mt_bench,linucb_content,1.1793,2.4862,2.982,5000
1,mt_bench,nightjar,1.2537,2.147,2.118,5000
1,mt_bench,oracle_load,1.3112,1.9768,1.504,5000
1,mt_bench,oracle_content,1.301,2.3028,1.847,5000
1,mt_bench,oracle_loadcontent,1.3532,2.184,1.761,5000
1,mt_bench,content_only,1.2796,2.152,1.767,5000
1,mt_bench,load_only,1.2849,2.1518,1.98,5000
1,mt_bench,combined,1.2952,2.1202,1.821,5000
1,mt_bench,oracle,1.4473,2.35,1.687,5000
1,spec_bench,fixed_1,1.3017,1.7878,1.0,5000
1,spec_bench,fixed_2,1.3734,2.383,2.0,5000
1,spec_bench,fixed_4,1.2549,3.1118,4.0,5000
1,spec_bench,fixed_8,0.8913,3.5854,8.0,5000
1,spec_bench,svip,1.1378,3.5486,5.444,5000
1,spec_bench,tapout,1.0807,3.3354,5.775,5000
1,spec_bench,banditspec_ucb,1.3215,2.3284,2.093,5000
1,spec_bench,banditspec_exp3,1.2034,2.7124,3.752,5000
1,spec_bench,eps_greedy,1.3427,2.3824,2.177,5000
1,spec_bench,linucb_content,1.2616,2.4966,2.941,5000
1,spec_bench,nightjar,1.3806,2.4774,2.474,5000
1,spec_bench,oracle_load,1.4309,2.5552,2.65,5000
1,spec_bench,oracle_content,1.4116,2.7202,2.322,5000
1,spec_bench,oracle_loadcontent,1.4811,2.442,2.003,5000
1,spec_bench,content_only,1.3823,2.7802,2.65,5000
1,spec_bench,load_only,1.391,2.2438,1.83,5000
1,spec_bench,combined,1.4094,2.7288,2.736,5000
1,spec_bench,oracle,1.5913,2.6864,1.973,5000
2,humaneval,fixed_1,1.3564,1.9066,1.0,5000
2,humaneval,fixed_2,1.4995,2.6934,2.0,5000
2,humaneval,fixed_4,1.4874,3.9008,4.0,5000
2,humaneval,fixed_8,1.2103,5.1826,8.0,5000
2,humaneval,svip,1.2707,5.1756,7.315,5000
2,humaneval,tapout,1.2912,4.6912,6.543,5000
2,humaneval,banditspec_ucb,1.4606,2.5162,1.79,5000
2,humaneval,banditspec_exp3,1.3901,3.4298,3.755,5000
2,humaneval,eps_greedy,1.482,3.7592,3.809,5000
2,humaneval,linucb_content,1.4589,3.0024,2.631,5000
2,humaneval,nightjar,1.5725,3.124,2.845,5000
2,humaneval,oracle_load,1.6311,2.9138,2.476,5000
2,humaneval,oracle_content,1.5406,3.62,3.25,5000
2,humaneval,oracle_loadcontent,1.6435,3.1712,2.895,5000
2,humaneval,content_only,1.4959,2.7086,2.038,5000
2,humaneval,load_only,1.5671,2.9798,2.588,5000
2,humaneval,combined,1.5651,3.3064,3.027,5000
2,humaneval,oracle,1.7592,3.2378,2.397,5000
2,gsm8k,fixed_1,1.3135,1.7972,1.0,5000
2,gsm8k,fixed_2,1.3873,2.3794,2.0,5000
2,gsm8k,fixed_4,1.2841,3.0728,4.0,5000
2,gsm8k,fixed_8,0.914,3.504,8.0,5000
2,gsm8k,svip,1.1842,3.4682,5.233,5000
2,gsm8k,tapout,1.1079,3.2752,5.692,5000
2,gsm8k,banditspec_ucb,1.3688,2.4372,2.255,5000
2,gsm8k,banditspec_exp3,1.2285,2.7004,3.752,5000
2,gsm8k,eps_greedy,1.3684,2.3994,2.174,5000
2,gsm8k,linucb_content,1.2743,2.6476,3.274,5000
2,gsm8k,nightjar,1.3885,2.4018,2.353,5000
2,gsm8k,oracle_load,1.4253,2.5698,2.837,5000
2,gsm8k,oracle_content,1.4259,2.5568,2.063,5000
2,gsm8k,oracle_loadcontent,1.4942,2.4796,2.115,5000
2,gsm8k,content_only,1.3901,2.9328,3.045,5000
2,gsm8k,load_only,1.4189,2.4534,2.376,5000
2,gsm8k,combined,1.4294,2.707,2.772,5000
2,gsm8k,oracle,1.6058,2.6842,1.979,5000
2,mt_bench,fixed_1,1.2672,1.7048,1.0,5000
2,mt_bench,fixed_2,1.3019,2.1974,2.0,5000
2,mt_bench,fixed_4,1.1291,2.716,4.0,5000
2,mt_bench,fixed_8,0.7564,2.987,8.0,5000
2,mt_bench,svip,1.1279,2.9356,4.142,5000
2,mt_bench,tapout,1.0096,2.8254,5.134,5000
2,mt_bench,banditspec_ucb,1.2534,1.7426,1.179,5000
2,mt_bench,banditspec_exp3,1.1108,2.3966,3.75,5000
2,mt_bench,eps_greedy,1.2804,2.0674,1.843,5000
2,mt_bench,linucb_content,1.2575,2.3588,2.541,5000
2,mt_bench,nightjar,1.3057,2.1354,2.108,5000
2,mt_bench,oracle_load,1.3372,1.95,1.523,5000
2,mt_bench,oracle_content,1.3441,2.3114,1.87,5000
2,mt_bench,oracle_loadcontent,1.3954,2.206,1.809,5000
2,mt_bench,content_only,1.2448,2.5314,2.874,5000
2,mt_bench,load_only,1.2868,1.9396,1.61,5000
2,mt_bench,combined,1.3268,2.1494,1.917,5000
2,mt_bench,oracle,1.4877,2.3632,1.722,5000
2,spec_bench,fixed_1,1.3172,1.8118,1.0,5000
2,spec_bench,fixed_2,1.405,2.443,2.0,5000
2,spec_bench,fixed_4,1.317,3.2468,4.0,5000
2,spec_bench,fixed_8,0.9581,3.822,8.0,5000
2,spec_bench,svip,1.1613,3.7964,5.86,5000
2,spec_bench,tapout,1.1183,3.5448,5.992,5000
2,spec_bench,banditspec_ucb,1.3309,3.1862,3.85,5000
2,spec_bench,banditspec_exp3,1.245,2.8136,3.752,5000
2,spec_bench,eps_greedy,1.3955,2.4616,2.126,5000
2,spec_bench,linucb_content,1.3717,2.6736,2.738,5000
2,spec_bench,nightjar,1.4174,2.5464,2.514,5000
2,spec_bench,oracle_load,1.4772,2.639,2.694,5000
2,spec_bench,oracle_content,1.4441,2.8508,2.488,5000
2,spec_bench,oracle_loadcontent,1.5175,2.5362,2.122,5000
2,spec_bench,content_only,1.3181,3.0666,3.663,5000
2,spec_bench,load_only,1.4261,2.3282,1.893,5000
2,spec_bench,combined,1.4395,2.8718,2.93,5000
2,spec_bench,oracle,1.633,2.7852,2.052,5000
3,humaneval,fixed_1,1.4,1.914,1.0,5000
3,humaneval,fixed_2,1.5781,2.7256,2.0,5000
3,humaneval,fixed_4,1.6479,4.0236,4.0,5000
3,humaneval,fixed_8,1.372,5.4386,8.0,5000
3,humaneval,svip,1.4245,5.4316,7.476,5000
3,humaneval,tapout,1.4333,4.8964,6.603,5000
3,humaneval,banditspec_ucb,1.6431,3.8542,3.738,5000
3,humaneval,banditspec_exp3,1.4996,3.5164,3.758,5000
3,humaneval,eps_greedy,1.5734,3.0176,2.523,5000
3,humaneval,linucb_content,1.5421,2.88,2.395,5000
3,humaneval,nightjar,1.6959,3.3772,3.201,5000
3,humaneval,oracle_load,1.7516,3.125,2.731,5000
3,humaneval,oracle_content,1.6716,3.7494,3.343,5000
3,humaneval,oracle_loadcontent,1.7525,3.4238,3.292,5000
3,humaneval,content_only,1.6572,3.907,3.738,5000
3,humaneval,load_only,1.6981,3.4684,3.308,5000
3,humaneval,combined,1.7101,3.369,3.077,5000
3,humaneval,oracle,1.8975,3.539,2.716,5000
3,gsm8k,fixed_1,1.2777,1.7782,1.0,5000
3,gsm8k,fixed_2,1.3242,2.3414,2.0,5000
3,gsm8k,fixed_4,1.1765,2.9894,4.0,5000
3,gsm8k,fixed_8,0.8086,3.3714,8.0,5000
3,gsm8k,svip,1.1039,3.328,4.984,5000
3,gsm8k,tapout,1.0237,3.1678,5.572,5000
3,gsm8k,banditspec_ucb,1.3173,2.2896,1.917,5000
3,gsm8k,banditspec_exp3,1.1459,2.6298,3.751,5000
3,gsm8k,eps_greedy,1.2263,2.5412,2.876,5000
3,gsm8k,linucb_content,1.2255,2.6344,3.131,5000
3,gsm8k,nightjar,1.3146,2.3092,2.264,5000
3,gsm8k,oracle_load,1.3525,2.4316,2.636,5000
3,gsm8k,oracle_content,1.3582,2.4652,1.969,5000
3,gsm8k,oracle_loadcontent,1.4183,2.3414,1.942,5000
3,gsm8k,content_only,1.3315,2.3184,1.946,5000
3,gsm8k,load_only,1.3491,2.1906,1.813,5000
3,gsm8k,combined,1.3508,2.2748,1.943,5000
3,gsm8k,oracle,1.5196,2.5108,1.803,5000
3,mt_bench,fixed_1,1.3062,1.764,1.0,5000
3,mt_bench,fixed_2,1.3687,2.3118,2.0,5000
3,mt_bench,fixed_4,1.2113,2.899,4.0,5000
3,mt_bench,fixed_8,0.8212,3.1876,8.0,5000
3,mt_bench,svip,1.1826,3.1418,4.522,5000
3,mt_bench,tapout,1.0594,3.005,5.386,5000
3,mt_bench,banditspec_ucb,1.3456,2.1334,1.679,5000
3,mt_bench,banditspec_exp3,1.1806,2.543,3.751,5000
3,mt_bench,eps_greedy,1.3492,2.3338,2.177,5000
3,mt_bench,linucb_content,1.3126,2.438,2.515,5000
3,mt_bench,nightjar,1.3606,2.3058,2.272,5000
3,mt_bench,oracle_load,1.4072,2.0624,1.529,5000
3,mt_bench,oracle_content,1.4019,2.4292,1.962,5000
3,mt_bench,oracle_loadcontent,1.4564,2.3326,1.923,5000
3,mt_bench,content_only,1.3496,2.4544,2.254,5000
3,mt_bench,load_only,1.3796,2.1906,1.893,5000
3,mt_bench,combined,1.4051,2.5036,2.474,5000
3,mt_bench,oracle,1.5661,2.5332,1.848,5000
3,spec_bench,fixed_1,1.2833,1.8062,1.0,5000
3,spec_bench,fixed_2,1.3543,2.4306,2.0,5000
3,spec_bench,fixed_4,1.2833,3.2724,4.0,5000
3,spec_bench,fixed_8,0.9429,3.8836,8.0,5000
3,spec_bench,svip,1.1301,3.8568,5.918,5000
3,spec_bench,tapout,1.089,3.5894,5.995,5000
3,spec_bench,banditspec_ucb,1.2768,1.8334,1.066,5000
3,spec_bench,banditspec_exp3,1.2126,2.836,3.752,5000
3,spec_bench,eps_greedy,1.3397,2.443,2.145,5000
3,spec_bench,linucb_content,1.2724,2.8024,3.32,5000
3,spec_bench,nightjar,1.395,2.547,2.456,5000
3,spec_bench,oracle_load,1.4487,2.6052,2.573,5000
3,spec_bench,oracle_content,1.4096,2.8976,2.54,5000
3,spec_bench,oracle_loadcontent,1.4848,2.521,2.091,5000
3,spec_bench,content_only,1.368,2.3814,1.865,5000
3,spec_bench,load_only,1.3925,2.3664,2.029,5000
3,spec_bench,combined,1.4216,2.8134,2.765,5000
3,spec_bench,oracle,1.5904,2.757,2.026,5000
4,humaneval,fixed_1,1.4159,1.9152,1.0,5000
4,humaneval,fixed_2,1.5957,2.7268,2.0,5000
4,humaneval,fixed_4,1.6276,4.0034,4.0,5000
4,humaneval,fixed_8,1.3455,5.406,8.0,5000
4,humaneval,svip,1.3996,5.3982,7.429,5000
4,humaneval,tapout,1.4116,4.8516,6.589,5000
4,humaneval,banditspec_ucb,1.5856,2.7964,2.146,5000
4,humaneval,banditspec_exp3,1.4901,3.4816,3.755,5000
4,humaneval,eps_greedy,1.5754,2.7784,2.177,5000
4,humaneval,linucb_content,1.5847,3.6194,3.595,5000
4,humaneval,nightjar,1.698,3.3114,3.038,5000
4,humaneval,oracle_load,1.7574,3.102,2.65,5000
4,humaneval,oracle_content,1.6693,3.7192,3.308,5000
4,humaneval,oracle_loadcontent,1.7666,3.403,3.181,5000
4,humaneval,content_only,1.6424,3.7604,3.52,5000
4,humaneval,load_only,1.6711,3.4976,3.264,5000
4,humaneval,combined,1.695,3.4676,3.16,5000
4,humaneval,oracle,1.8942,3.485,2.642,5000
4,gsm8k,fixed_1,1.3053,1.7806,1.0,5000
4,gsm8k,fixed_2,1.3778,2.347,2.0,5000
4,gsm8k,fixed_4,1.2697,3.0132,4.0,5000
4,gsm8k,fixed_8,0.8795,3.4152,8.0,5000
4,gsm8k,svip,1.1886,3.3766,4.994,5000
4,gsm8k,tapout,1.0924,3.1912,5.585,5000
4,gsm8k,banditspec_ucb,1.3615,2.2532,1.86,5000
4,gsm8k,banditspec_exp3,1.2039,2.6356,3.751,5000
4,gsm8k,eps_greedy,1.3404,2.2354,1.946,5000
4,gsm8k,linucb_content,1.258,2.692,3.521,5000
4,gsm8k,nightjar,1.3776,2.5056,2.64,5000
4,gsm8k,oracle_load,1.4063,2.5452,2.884,5000
4,gsm8k,oracle_content,1.4191,2.4954,1.986,5000
4,gsm8k,oracle_loadcontent,1.4784,2.434,2.079,5000
4,gsm8k,content_only,1.3809,2.8302,2.903,5000
4,gsm8k,load_only,1.3918,2.1858,1.793,5000
4,gsm8k,combined,1.4129,2.6606,2.755,5000
4,gsm8k,oracle,1.5923,2.6388,1.946,5000
4,mt_bench,fixed_1,1.2675,1.7366,1.0,5000
4,mt_bench,fixed_2,1.3109,2.2682,2.0,5000
4,mt_bench,fixed_4,1.1498,2.8544,4.0,5000
4,mt_bench,fixed_8,0.7694,3.1764,8.0,5000
4,mt_bench,svip,1.1225,3.1356,4.457,5000
4,mt_bench,tapout,1.0096,2.9924,5.32,5000
4,mt_bench,banditspec_ucb,1.254,1.8602,1.354,5000
4,mt_bench,banditspec_exp3,1.1235,2.5012,3.75,5000
4,mt_bench,eps_greedy,1.2916,2.2948,2.174,5000
4,mt_bench,linucb_content,1.2108,2.5918,3.243,5000
4,mt_bench,nightjar,1.3078,2.2666,2.301,5000
4,mt_bench,oracle_load,1.3511,1.9942,1.487,5000
4,mt_bench,oracle_content,1.3589,2.435,1.973,5000
4,mt_bench,oracle_loadcontent,1.4132,2.2748,1.834,5000
4,mt_bench,content_only,1.3034,2.5508,2.493,5000
4,mt_bench,load_only,1.3303,2.1326,1.795,5000
4,mt_bench,combined,1.3273,2.5642,2.673,5000
4,mt_bench,oracle,1.4996,2.423,1.751,5000
4,spec_bench,fixed_1,1.2813,1.7808,1.0,5000
4,spec_bench,fixed_2,1.3432,2.3658,2.0,5000
4,spec_bench,fixed_4,1.237,3.1054,4.0,5000
4,spec_bench,fixed_8,0.8789,3.6584,8.0,5000
4,spec_bench,svip,1.1201,3.629,5.44,5000
4,spec_bench,tapout,1.0608,3.384,5.77,5000
4,spec_bench,banditspec_ucb,1.3151,2.6032,2.719,5000
4,spec_bench,banditspec_exp3,1.1812,2.7278,3.752,5000
4,spec_bench,eps_greedy,1.3214,2.371,2.106,5000
4,spec_bench,linucb_content,1.2,2.842,3.934,5000
4,spec_bench,nightjar,1.3462,2.4336,2.501,5000
4,spec_bench,oracle_load,1.4041,2.5246,2.64,5000
4,spec_bench,oracle_content,1.3954,2.725,2.322,5000
4,spec_bench,oracle_loadcontent,1.4577,2.42,1.989,5000
4,spec_bench,content_only,1.357,2.308,1.833,5000
4,spec_bench,load_only,1.3322,2.6458,2.938,5000
4,spec_bench,combined,1.3891,2.7434,2.74,5000
4,spec_bench,oracle,1.5596,2.624,1.911,5000
5,humaneval,fixed_1,1.3558,1.912,1.0,5000
5,humaneval,fixed_2,1.5131,2.7216,2.0,5000
5,humaneval,fixed_4,1.5493,4.0096,4.0,5000
5,humaneval,fixed_8,1.2913,5.4426,8.0,5000
5,humaneval,svip,1.3409,5.4364,7.455,5000
5,humaneval,tapout,1.35,4.8758,6.595,5000
5,humaneval,banditspec_ucb,1.3508,1.9532,1.074,5000
5,humaneval,banditspec_exp3,1.4267,3.5156,3.757,5000
5,humaneval,eps_greedy,1.5363,3.9448,3.944,5000
5,humaneval,linucb_content,1.4906,3.2794,3.047,5000
5,humaneval,nightjar,1.6255,3.237,2.898,5000
5,humaneval,oracle_load,1.6761,3.0082,2.515,5000
5,humaneval,oracle_content,1.5814,3.741,3.342,5000
5,humaneval,oracle_loadcontent,1.6832,3.324,3.077,5000
5,humaneval,content_only,1.5711,3.912,3.735,5000
5,humaneval,load_only,1.6184,3.314,2.973,5000
5,humaneval,combined,1.6197,3.3868,3.053,5000
5,humaneval,oracle,1.8054,3.3952,2.553,5000
5,gsm8k,fixed_1,1.3251,1.7956,1.0,5000
5,gsm8k,fixed_2,1.408,2.389,2.0,5000
5,gsm8k,fixed_4,1.2909,3.103,4.0,5000
5,gsm8k,fixed_8,0.8883,3.551,8.0,5000
5,gsm8k,svip,1.1642,3.516,5.254,5000
5,gsm8k,tapout,1.0922,3.3102,5.689,5000
5,gsm8k,banditspec_ucb,1.3917,2.4108,2.132,5000
5,gsm8k,banditspec_exp3,1.2317,2.7062,3.751,5000
5,gsm8k,eps_greedy,1.3712,2.4956,2.424,5000
5,gsm8k,linucb_content,1.3117,2.8636,3.393,5000
5,gsm8k,nightjar,1.3931,2.33,2.186,5000
5,gsm8k,oracle_load,1.4394,2.571,2.807,5000
5,gsm8k,oracle_content,1.4345,2.5776,2.074,5000
5,gsm8k,oracle_loadcontent,1.5013,2.4714,2.088,5000
5,gsm8k,content_only,1.3923,2.395,2.071,5000
5,gsm8k,load_only,1.4108,2.3714,2.153,5000
5,gsm8k,combined,1.4283,2.7338,2.817,5000
5,gsm8k,oracle,1.609,2.652,1.942,5000
5,mt_bench,fixed_1,1.2585,1.7202,1.0,5000
5,mt_bench,fixed_2,1.2827,2.2128,2.0,5000
5,mt_bench,fixed_4,1.1142,2.714,4.0,5000
5,mt_bench,fixed_8,0.7513,2.9788,8.0,5000
5,mt_bench,svip,1.1303,2.9326,4.13,5000
5,mt_bench,tapout,1.0015,2.8212,5.134,5000
5,mt_bench,banditspec_ucb,1.2831,2.2002,2.004,5000
5,mt_bench,banditspec_exp3,1.1066,2.4098,3.751,5000
5,mt_bench,eps_greedy,1.2404,1.7762,1.259,5000
5,mt_bench,linucb_content,1.1773,2.5006,3.324,5000
5,mt_bench,nightjar,1.2894,2.0728,1.916,5000
5,mt_bench,oracle_load,1.3396,1.9828,1.518,5000
5,mt_bench,oracle_content,1.3416,2.3048,1.837,5000
5,mt_bench,oracle_loadcontent,1.3896,2.2094,1.794,5000
5,mt_bench,content_only,1.2598,2.5456,2.825,5000
5,mt_bench,load_only,1.3063,2.1802,2.098,5000
5,mt_bench,combined,1.3173,2.1456,1.862,5000
5,mt_bench,oracle,1.4819,2.3852,1.736,5000
5,spec_bench,fixed_1,1.2692,1.8042,1.0,5000
5,spec_bench,fixed_2,1.314,2.422,2.0,5000
5,spec_bench,fixed_4,1.1794,3.2024,4.0,5000
5,spec_bench,fixed_8,0.8381,3.7574,8.0,5000
5,spec_bench,svip,1.0484,3.7298,5.712,5000
5,spec_bench,tapout,1.0088,3.4954,5.91,5000
5,spec_bench,banditspec_ucb,1.3177,2.3664,1.93,5000
5,spec_bench,banditspec_exp3,1.1529,2.8022,3.751,5000
5,spec_bench,eps_greedy,1.3003,2.4518,2.156,5000
5,spec_bench,linucb_content,1.2657,2.7844,3.001,5000
5,spec_bench,nightjar,1.3374,2.4712,2.404,5000
5,spec_bench,oracle_load,1.3901,2.4688,2.333,5000
5,spec_bench,oracle_content,1.3474,2.8018,2.413,5000
5,spec_bench,oracle_loadcontent,1.4247,2.3834,1.885,5000
5,spec_bench,content_only,1.2992,2.0996,1.533,5000
5,spec_bench,load_only,1.3549,2.3204,1.935,5000
5,spec_bench,combined,1.3568,2.3876,1.996,5000
5,spec_bench,oracle,1.517,2.583,1.841,5000
6,humaneval,fixed_1,1.3821,1.9068,1.0,5000
6,humaneval,fixed_2,1.5412,2.7126,2.0,5000
6,humaneval,fixed_4,1.5609,3.9906,4.0,5000
6,humaneval,fixed_8,1.2847,5.4286,8.0,5000
6,humaneval,svip,1.3404,5.4228,7.429,5000
6,humaneval,tapout,1.3593,4.8876,6.583,5000
6,humaneval,banditspec_ucb,1.5268,2.6956,2.004,5000
6,humaneval,banditspec_exp3,1.4454,3.5148,3.755,5000
6,humaneval,eps_greedy,1.5281,2.9814,2.451,5000
6,humaneval,linucb_content,1.3905,4.8018,6.421,5000
6,humaneval,nightjar,1.626,3.2194,2.967,5000
6,humaneval,oracle_load,1.6877,2.9934,2.56,5000
6,humaneval,oracle_content,1.6055,3.7308,3.332,5000
6,humaneval,oracle_loadcontent,1.6997,3.2712,3.027,5000
6,humaneval,content_only,1.5871,3.6786,3.377,5000
6,humaneval,load_only,1.6214,3.3458,3.076,5000
6,humaneval,combined,1.5867,2.864,2.31,5000
6,humaneval,oracle,1.8197,3.3462,2.511,5000
6,gsm8k,fixed_1,1.3432,1.7946,1.0,5000
6,gsm8k,fixed_2,1.4236,2.3728,2.0,5000
6,gsm8k,fixed_4,1.2893,3.0406,4.0,5000
6,gsm8k,fixed_8,0.8671,3.4372,8.0,5000
6,gsm8k,svip,1.1773,3.3982,5.042,5000
6,gsm8k,tapout,1.088,3.212,5.619,5000
6,gsm8k,banditspec_ucb,1.3375,1.8088,1.05,5000
6,gsm8k,banditspec_exp3,1.2259,2.6514,3.751,5000
6,gsm8k,eps_greedy,1.4042,2.401,2.184,5000
6,gsm8k,linucb_content,1.323,2.5496,2.912,5000
6,gsm8k,nightjar,1.4284,2.4448,2.44,5000
6,gsm8k,oracle_load,1.4573,2.5894,2.816,5000
6,gsm8k,oracle_content,1.4604,2.5054,1.987,5000
6,gsm8k,oracle_loadcontent,1.5216,2.4838,2.113,5000
6,gsm8k,content_only,1.4358,2.348,1.913,5000
6,gsm8k,load_only,1.4423,2.452,2.375,5000
6,gsm8k,combined,1.453,2.7094,2.786,5000
6,gsm8k,oracle,1.6298,2.6414,1.925,5000
6,mt_bench,fixed_1,1.2857,1.75,1.0,5000
6,mt_bench,fixed_2,1.3346,2.2842,2.0,5000
6,mt_bench,fixed_4,1.1925,2.8862,4.0,5000
6,mt_bench,fixed_8,0.8139,3.2122,8.0,5000
6,mt_bench,svip,1.1538,3.1684,4.524,5000
6,mt_bench,tapout,1.0441,3.0334,5.36,5000
6,mt_bench,banditspec_ucb,1.2694,2.0384,1.786,5000
6,mt_bench,banditspec_exp3,1.1602,2.541,3.751,5000
6,mt_bench,eps_greedy,1.3089,2.2118,1.987,5000
6,mt_bench,linucb_content,1.0889,2.676,4.692,5000
6,mt_bench,nightjar,1.3395,2.2948,2.329,5000
6,mt_bench,oracle_load,1.3802,2.0338,1.516,5000
6,mt_bench,oracle_content,1.376,2.4524,2.003,5000
6,mt_bench,oracle_loadcontent,1.4371,2.3186,1.902,5000
6,mt_bench,content_only,1.3167,2.7358,2.917,5000
6,mt_bench,load_only,1.3497,2.2588,2.163,5000
6,mt_bench,combined,1.3431,2.5764,2.761,5000
6,mt_bench,oracle,1.5389,2.4998,1.821,5000
6,spec_bench,fixed_1,1.2406,1.7706,1.0,5000
6,spec_bench,fixed_2,1.2927,2.3536,2.0,5000
6,spec_bench,fixed_4,1.1815,3.0682,4.0,5000
6,spec_bench,fixed_8,0.8341,3.5388,8.0,5000
6,spec_bench,svip,1.0703,3.5034,5.394,5000
6,spec_bench,tapout,1.0125,3.2842,5.739,5000
6,spec_bench,banditspec_ucb,1.2428,1.9274,1.3,5000
6,spec_bench,banditspec_exp3,1.1327,2.6726,3.751,5000
6,spec_bench,eps_greedy,1.2767,2.3734,2.145,5000
6,spec_bench,linucb_content,1.2075,2.7058,3.182,5000
6,spec_bench,nightjar,1.2999,2.345,2.292,5000
6,spec_bench,oracle_load,1.3453,2.4486,2.573,5000
6,spec_bench,oracle_content,1.329,2.665,2.283,5000
6,spec_bench,oracle_loadcontent,1.3968,2.3438,1.911,5000
6,spec_bench,content_only,1.2639,2.9052,3.143,5000
6,spec_bench,load_only,1.3248,2.4762,2.585,5000
6,spec_bench,combined,1.3225,2.6238,2.711,5000
6,spec_bench,oracle,1.4983,2.55,1.847,5000
7,humaneval,fixed_1,1.3886,1.9076,1.0,5000
7,humaneval,fixed_2,1.5729,2.7102,2.0,5000
7,humaneval,fixed_4,1.6432,3.9696,4.0,5000
7,humaneval,fixed_8,1.3841,5.3464,8.0,5000
7,humaneval,svip,1.4386,5.3412,7.415,5000
7,humaneval,tapout,1.4446,4.8258,6.581,5000
7,humaneval,banditspec_ucb,1.6109,4.0276,4.281,5000
7,humaneval,banditspec_exp3,1.4898,3.4662,3.758,5000
7,humaneval,eps_greedy,1.6118,3.8348,3.855,5000
7,humaneval,linucb_content,1.5694,3.7546,3.941,5000
7,humaneval,nightjar,1.6938,3.4338,3.303,5000
7,humaneval,oracle_load,1.7483,3.1444,2.767,5000
7,humaneval,oracle_content,1.6767,3.6962,3.297,5000
7,humaneval,oracle_loadcontent,1.7673,3.521,3.39,5000
7,humaneval,content_only,1.5469,3.9788,4.284,5000
7,humaneval,load_only,1.6945,3.4468,3.226,5000
7,humaneval,combined,1.6987,3.4412,3.156,5000
7,humaneval,oracle,1.9076,3.6212,2.796,5000
7,gsm8k,fixed_1,1.338,1.8034,1.0,5000
7,gsm8k,fixed_2,1.4218,2.3924,2.0,5000
7,gsm8k,fixed_4,1.3142,3.098,4.0,5000
7,gsm8k,fixed_8,0.9328,3.5148,8.0,5000
7,gsm8k,svip,1.208,3.475,5.203,5000
7,gsm8k,tapout,1.1274,3.283,5.7,5000
7,gsm8k,banditspec_ucb,1.4079,2.3304,1.91,5000
7,gsm8k,banditspec_exp3,1.2486,2.6836,3.752,5000
7,gsm8k,eps_greedy,1.4032,2.432,2.232,5000
7,gsm8k,linucb_content,1.3666,2.48,2.416,5000
7,gsm8k,nightjar,1.4441,2.609,2.736,5000
7,gsm8k,oracle_load,1.4806,2.637,2.792,5000
7,gsm8k,oracle_content,1.4625,2.539,2.019,5000
7,gsm8k,oracle_loadcontent,1.531,2.5354,2.169,5000
7,gsm8k,content_only,1.4299,2.3478,1.895,5000
7,gsm8k,load_only,1.4468,2.3976,2.152,5000
7,gsm8k,combined,1.4647,2.756,2.775,5000
7,gsm8k,oracle,1.6468,2.7406,2.025,5000
7,mt_bench,fixed_1,1.2814,1.742,1.0,5000
7,mt_bench,fixed_2,1.3288,2.269,2.0,5000
7,mt_bench,fixed_4,1.1835,2.8448,4.0,5000
7,mt_bench,fixed_8,0.8128,3.1628,8.0,5000
7,mt_bench,svip,1.1781,3.1134,4.397,5000
7,mt_bench,tapout,1.0533,2.972,5.291,5000
7,mt_bench,banditspec_ucb,1.2972,2.1138,1.816,5000
7,mt_bench,banditspec_exp3,1.1525,2.5034,3.751,5000
7,mt_bench,eps_greedy,1.3024,2.2214,2.028,5000
7,mt_bench,linucb_content,1.2195,2.522,3.421,5000
7,mt_bench,nightjar,1.326,2.2606,2.299,5000
7,mt_bench,oracle_load,1.3744,2.029,1.54,5000
7,mt_bench,oracle_content,1.3784,2.41,1.96,5000
7,mt_bench,oracle_loadcontent,1.4336,2.297,1.879,5000
7,mt_bench,content_only,1.345,2.4592,2.317,5000
7,mt_bench,load_only,1.3523,2.1592,1.888,5000
7,mt_bench,combined,1.3724,2.4538,2.46,5000
7,mt_bench,oracle,1.5371,2.5112,1.844,5000
7,spec_bench,fixed_1,1.3056,1.7826,1.0,5000
7,spec_bench,fixed_2,1.3823,2.3746,2.0,5000
7,spec_bench,fixed_4,1.2777,3.1264,4.0,5000
7,spec_bench,fixed_8,0.9103,3.6612,8.0,5000
7,spec_bench,svip,1.1429,3.6254,5.539,5000
7,spec_bench,tapout,1.0883,3.4032,5.832,5000
7,spec_bench,banditspec_ucb,1.3128,1.9356,1.271,5000
7,spec_bench,banditspec_exp3,1.2216,2.7508,3.752,5000
7,spec_bench,eps_greedy,1.368,2.4082,2.173,5000
7,spec_bench,linucb_content,1.3047,2.8486,3.358,5000
7,spec_bench,nightjar,1.3949,2.5084,2.572,5000
7,spec_bench,oracle_load,1.4366,2.5686,2.733,5000
7,spec_bench,oracle_content,1.4233,2.7266,2.335,5000
7,spec_bench,oracle_loadcontent,1.4902,2.4612,2.055,5000
7,spec_bench,content_only,1.3694,2.4382,2.111,5000
7,spec_bench,load_only,1.3974,2.304,1.991,5000
7,spec_bench,combined,1.4083,2.777,2.877,5000
7,spec_bench,oracle,1.6005,2.684,1.972,5000
