workload,policy,batch_size,mean_accepted_length,net_speedup,wasted_tokens_per_accepted
humaneval,fixed_1,1,0.96,1.634,0.04
humaneval,fixed_1,8,0.939,1.616,0.076
humaneval,fixed_1,32,0.942,1.619,0.064
humaneval,fixed_1,64,0.942,1.619,0.063
humaneval,fixed_2,1,1.836,2.026,0.164
humaneval,fixed_2,8,1.798,1.999,0.127
humaneval,fixed_2,32,1.805,2.003,0.111
humaneval,fixed_2,64,1.806,2.004,0.109
humaneval,fixed_3,1,2.6,2.25,0.344
humaneval,fixed_3,8,2.554,2.221,0.196
humaneval,fixed_3,32,2.563,2.227,0.175
humaneval,fixed_3,64,2.564,2.227,0.172
humaneval,fixed_4,1,3.258,2.366,0.559
humaneval,fixed_4,8,3.197,2.332,0.279
humaneval,fixed_4,32,3.206,2.337,0.253
humaneval,fixed_4,64,3.206,2.336,0.251
humaneval,fixed_6,1,4.156,2.344,1.087
humaneval,fixed_6,8,4.086,2.312,0.518
humaneval,fixed_6,32,4.104,2.32,0.472
humaneval,fixed_6,64,4.107,2.321,0.466
humaneval,fixed_8,1,4.592,2.151,1.695
humaneval,fixed_8,8,4.532,2.128,0.842
humaneval,fixed_8,32,4.557,2.137,0.771
humaneval,fixed_8,64,4.567,2.141,0.759
humaneval,entropy_threshold,1,4.592,2.153,1.685
humaneval,entropy_threshold,8,4.529,2.127,0.843
humaneval,entropy_threshold,32,4.555,2.136,0.772
humaneval,entropy_threshold,64,4.565,2.14,0.76
humaneval,epsilon_greedy,1,3.218,2.333,0.584
humaneval,epsilon_greedy,8,3.197,1.829,1.088
humaneval,epsilon_greedy,32,3.199,1.887,0.938
humaneval,epsilon_greedy,64,3.187,1.744,1.211
humaneval,ucb,1,3.256,2.338,0.623
humaneval,ucb,8,3.356,1.931,0.936
humaneval,ucb,32,3.451,1.747,1.266
humaneval,ucb,64,3.418,1.806,1.145
humaneval,history,1,3.998,2.261,1.165
humaneval,history,8,3.846,1.876,1.158
humaneval,history,32,3.851,1.873,1.082
humaneval,history,64,3.855,1.875,1.071
humaneval,oracle,1,4.366,2.708,0.04
humaneval,oracle,8,4.323,2.126,0.782
humaneval,oracle,32,4.34,2.054,0.86
humaneval,oracle,64,4.351,2.058,0.847
humaneval,ucb_coarse,1,3.616,2.284,0.852
humaneval,ucb_coarse,8,3.444,1.773,1.29
humaneval,ucb_coarse,32,3.394,1.695,1.366
humaneval,ucb_coarse,64,3.41,1.7,1.347
humaneval,linucb,1,3.306,2.351,0.618
humaneval,linucb,8,3.352,1.68,1.436
humaneval,linucb,32,3.402,1.699,1.351
humaneval,linucb,64,3.428,1.71,1.328
humaneval,linucb_explore,1,3.408,2.314,0.753
humaneval,linucb_explore,8,3.558,1.763,1.311
humaneval,linucb_explore,32,3.329,1.709,1.339
humaneval,linucb_explore,64,3.385,1.693,1.356
humaneval,linucb_fine,1,3.284,2.353,0.6
humaneval,linucb_fine,8,3.254,1.682,1.429
humaneval,linucb_fine,32,3.184,1.749,1.274
humaneval,linucb_fine,64,3.323,1.673,1.391
gsm8k,fixed_1,1,0.866,1.555,0.134
gsm8k,fixed_1,8,0.848,1.539,0.217
gsm8k,fixed_1,32,0.85,1.541,0.185
gsm8k,fixed_1,64,0.846,1.538,0.186
gsm8k,fixed_2,1,1.508,1.792,0.492
gsm8k,fixed_2,8,1.481,1.772,0.405
gsm8k,fixed_2,32,1.488,1.777,0.356
gsm8k,fixed_2,64,1.481,1.772,0.356
gsm8k,fixed_3,1,1.922,1.826,0.964
gsm8k,fixed_3,8,1.898,1.811,0.668
gsm8k,fixed_3,32,1.906,1.816,0.593
gsm8k,fixed_3,64,1.896,1.81,0.591
gsm8k,fixed_4,1,2.172,1.762,1.491
gsm8k,fixed_4,8,2.126,1.737,1.015
gsm8k,fixed_4,32,2.138,1.743,0.898
gsm8k,fixed_4,64,2.13,1.739,0.89
gsm8k,fixed_6,1,2.366,1.53,2.616
gsm8k,fixed_6,8,2.285,1.493,1.855
gsm8k,fixed_6,32,2.298,1.499,1.656
gsm8k,fixed_6,64,2.289,1.495,1.642
gsm8k,fixed_8,1,2.386,1.302,3.774
gsm8k,fixed_8,8,2.304,1.271,2.788
gsm8k,fixed_8,32,2.314,1.275,2.518
gsm8k,fixed_8,64,2.307,1.272,2.496
gsm8k,entropy_threshold,1,2.206,1.759,1.436
gsm8k,entropy_threshold,8,2.142,1.524,1.661
gsm8k,entropy_threshold,32,2.154,1.448,1.784
gsm8k,entropy_threshold,64,2.143,1.41,1.896
gsm8k,epsilon_greedy,1,1.634,1.778,0.709
gsm8k,epsilon_greedy,8,1.714,1.523,1.442
gsm8k,epsilon_greedy,32,1.802,1.469,1.616
gsm8k,epsilon_greedy,64,1.732,1.434,1.709
gsm8k,ucb,1,1.856,1.795,0.973
gsm8k,ucb,8,1.644,1.479,1.613
gsm8k,ucb,32,1.744,1.38,1.997
gsm8k,ucb,64,1.768,1.295,2.379
gsm8k,history,1,1.714,1.706,1.007
gsm8k,history,8,1.647,1.351,2.244
gsm8k,history,32,1.662,1.159,3.048
gsm8k,history,64,1.652,1.089,3.438
gsm8k,oracle,1,2.292,2.102,0.134
gsm8k,oracle,8,2.226,1.698,1.088
gsm8k,oracle,32,2.236,1.522,1.573
gsm8k,oracle,64,2.23,1.435,1.842
gsm8k,ucb_coarse,1,1.886,1.663,1.407
gsm8k,ucb_coarse,8,1.834,1.361,2.451
gsm8k,ucb_coarse,32,1.852,1.131,3.262
gsm8k,ucb_coarse,64,1.841,1.101,3.35
gsm8k,linucb,1,1.892,1.691,1.305
gsm8k,linucb,8,1.748,1.486,1.721
gsm8k,linucb,32,1.866,1.401,2.132
gsm8k,linucb,64,1.841,1.31,2.437
gsm8k,linucb_explore,1,1.904,1.702,1.293
gsm8k,linucb_explore,8,1.882,1.438,2.141
gsm8k,linucb_explore,32,1.86,1.244,2.819
gsm8k,linucb_explore,64,1.863,1.182,3.045
gsm8k,linucb_fine,1,1.636,1.784,0.689
gsm8k,linucb_fine,8,1.568,1.416,1.764
gsm8k,linucb_fine,32,1.606,1.357,2.045
gsm8k,linucb_fine,64,1.624,1.31,2.321
mt_bench,fixed_1,1,0.814,1.512,0.186
mt_bench,fixed_1,8,0.796,1.497,0.317
mt_bench,fixed_1,32,0.801,1.5,0.26
mt_bench,fixed_1,64,0.795,1.496,0.262
mt_bench,fixed_2,1,1.388,1.706,0.612
mt_bench,fixed_2,8,1.353,1.681,0.564
mt_bench,fixed_2,32,1.363,1.688,0.485
mt_bench,fixed_2,64,1.355,1.682,0.484
mt_bench,fixed_3,1,1.718,1.699,1.16
mt_bench,fixed_3,8,1.666,1.666,0.936
mt_bench,fixed_3,32,1.678,1.674,0.815
mt_bench,fixed_3,64,1.668,1.667,0.811
mt_bench,fixed_4,1,1.888,1.605,1.761
mt_bench,fixed_4,8,1.807,1.559,1.409
mt_bench,fixed_4,32,1.825,1.57,1.231
mt_bench,fixed_4,64,1.815,1.564,1.221
mt_bench,fixed_6,1,1.982,1.356,3.022
mt_bench,fixed_6,8,1.879,1.309,2.507
mt_bench,fixed_6,32,1.899,1.318,2.224
mt_bench,fixed_6,64,1.888,1.313,2.206
mt_bench,fixed_8,1,1.986,1.148,4.3
mt_bench,fixed_8,8,1.883,1.109,3.67
mt_bench,fixed_8,32,1.902,1.116,3.292
mt_bench,fixed_8,64,1.891,1.112,3.268
mt_bench,entropy_threshold,1,1.758,1.703,1.117
mt_bench,entropy_threshold,8,1.683,1.448,1.732
mt_bench,entropy_threshold,32,1.697,1.374,1.898
mt_bench,entropy_threshold,64,1.684,1.343,1.991
mt_bench,epsilon_greedy,1,1.732,1.672,1.252
mt_bench,epsilon_greedy,8,1.495,1.507,1.395
mt_bench,epsilon_greedy,32,1.495,1.373,1.839
mt_bench,epsilon_greedy,64,1.463,1.334,1.979
mt_bench,ucb,1,1.504,1.699,0.847
mt_bench,ucb,8,1.5,1.413,1.835
mt_bench,ucb,32,1.505,1.288,2.348
mt_bench,ucb,64,1.481,1.191,2.863
mt_bench,history,1,1.392,1.619,0.935
mt_bench,history,8,1.301,1.246,2.701
mt_bench,history,32,1.312,1.093,3.448
mt_bench,history,64,1.294,1.025,3.929
mt_bench,oracle,1,1.92,1.957,0.186
mt_bench,oracle,8,1.839,1.598,1.204
mt_bench,oracle,32,1.858,1.472,1.605
mt_bench,oracle,64,1.846,1.397,1.87
mt_bench,ucb_coarse,1,1.494,1.533,1.411
mt_bench,ucb_coarse,8,1.363,1.122,3.737
mt_bench,ucb_coarse,32,1.446,0.991,4.338
mt_bench,ucb_coarse,64,1.442,0.943,4.58
mt_bench,linucb,1,1.604,1.563,1.398
mt_bench,linucb,8,1.218,1.198,2.95
mt_bench,linucb,32,1.447,1.223,2.729
mt_bench,linucb,64,1.4,1.155,3.242
mt_bench,linucb_explore,1,1.662,1.568,1.517
mt_bench,linucb_explore,8,1.357,1.235,2.854
mt_bench,linucb_explore,32,1.439,1.025,4.111
mt_bench,linucb_explore,64,1.445,1.032,4.066
mt_bench,linucb_fine,1,1.428,1.672,0.789
mt_bench,linucb_fine,8,1.327,1.485,1.382
mt_bench,linucb_fine,32,1.383,1.272,2.345
mt_bench,linucb_fine,64,1.38,1.202,2.812
spec_bench,fixed_1,1,0.866,1.555,0.134
spec_bench,fixed_1,8,0.848,1.539,0.217
spec_bench,fixed_1,32,0.85,1.541,0.185
spec_bench,fixed_1,64,0.846,1.538,0.186
spec_bench,fixed_2,1,1.542,1.816,0.458
spec_bench,fixed_2,8,1.512,1.794,0.376
spec_bench,fixed_2,32,1.513,1.795,0.334
spec_bench,fixed_2,64,1.507,1.791,0.332
spec_bench,fixed_3,1,2.018,1.886,0.882
spec_bench,fixed_3,8,1.979,1.862,0.599
spec_bench,fixed_3,32,1.98,1.862,0.533
spec_bench,fixed_3,64,1.971,1.857,0.53
spec_bench,fixed_4,1,2.322,1.846,1.363
spec_bench,fixed_4,8,2.266,1.814,0.89
spec_bench,fixed_4,32,2.27,1.817,0.788
spec_bench,fixed_4,64,2.261,1.812,0.779
spec_bench,fixed_6,1,2.584,1.629,2.408
spec_bench,fixed_6,8,2.504,1.593,1.611
spec_bench,fixed_6,32,2.503,1.592,1.44
spec_bench,fixed_6,64,2.492,1.587,1.426
spec_bench,fixed_8,1,2.62,1.392,3.493
spec_bench,fixed_8,8,2.54,1.361,2.45
spec_bench,fixed_8,32,2.536,1.36,2.214
spec_bench,fixed_8,64,2.528,1.357,2.19
spec_bench,entropy_threshold,1,2.49,1.777,1.666
spec_bench,entropy_threshold,8,2.406,1.55,1.698
spec_bench,entropy_threshold,32,2.413,1.471,1.786
spec_bench,entropy_threshold,64,2.401,1.436,1.878
spec_bench,epsilon_greedy,1,2.122,1.818,1.166
spec_bench,epsilon_greedy,8,1.89,1.59,1.323
spec_bench,epsilon_greedy,32,1.905,1.574,1.282
spec_bench,epsilon_greedy,64,1.881,1.476,1.624
spec_bench,ucb,1,2.14,1.836,1.158
spec_bench,ucb,8,1.916,1.591,1.382
spec_bench,ucb,32,1.876,1.366,2.081
spec_bench,ucb,64,1.916,1.294,2.412
spec_bench,history,1,1.876,1.757,1.033
spec_bench,history,8,1.789,1.359,2.282
spec_bench,history,32,1.793,1.172,2.999
spec_bench,history,64,1.784,1.11,3.304
spec_bench,oracle,1,2.514,2.169,0.134
spec_bench,oracle,8,2.435,1.73,1.097
spec_bench,oracle,32,2.431,1.533,1.6
spec_bench,oracle,64,2.424,1.455,1.832
spec_bench,ucb_coarse,1,2.024,1.732,1.336
spec_bench,ucb_coarse,8,2.033,1.386,2.331
spec_bench,ucb_coarse,32,2.031,1.186,2.936
spec_bench,ucb_coarse,64,2.037,1.179,2.917
spec_bench,linucb,1,2.034,1.77,1.181
spec_bench,linucb,8,2.094,1.615,1.574
spec_bench,linucb,32,1.97,1.388,2.219
spec_bench,linucb,64,2.01,1.348,2.312
spec_bench,linucb_explore,1,2.088,1.777,1.265
spec_bench,linucb_explore,8,2.038,1.509,1.977
spec_bench,linucb_explore,32,2.058,1.332,2.434
spec_bench,linucb_explore,64,2.051,1.239,2.708
spec_bench,linucb_fine,1,1.72,1.825,0.672
spec_bench,linucb_fine,8,1.576,1.558,1.281
spec_bench,linucb_fine,32,1.763,1.36,2.151
spec_bench,linucb_fine,64,1.811,1.338,2.282
mixed,fixed_1,1,0.828,1.524,0.172
mixed,fixed_1,8,0.861,1.551,0.187
mixed,fixed_1,32,0.854,1.545,0.178
mixed,fixed_1,64,0.86,1.55,0.166
mixed,fixed_2,1,1.488,1.777,0.512
mixed,fixed_2,8,1.538,1.813,0.339
mixed,fixed_2,32,1.53,1.807,0.319
mixed,fixed_2,64,1.539,1.814,0.304
mixed,fixed_3,1,1.952,1.845,0.95
mixed,fixed_3,8,2.021,1.888,0.546
mixed,fixed_3,32,2.016,1.885,0.506
mixed,fixed_3,64,2.029,1.893,0.485
mixed,fixed_4,1,2.288,1.827,1.431
mixed,fixed_4,8,2.348,1.86,0.797
mixed,fixed_4,32,2.343,1.857,0.732
mixed,fixed_4,64,2.359,1.866,0.704
mixed,fixed_6,1,2.634,1.652,2.469
mixed,fixed_6,8,2.687,1.676,1.401
mixed,fixed_6,32,2.678,1.672,1.283
mixed,fixed_6,64,2.702,1.683,1.236
mixed,fixed_8,1,2.736,1.437,3.551
mixed,fixed_8,8,2.821,1.47,2.084
mixed,fixed_8,32,2.805,1.463,1.913
mixed,fixed_8,64,2.828,1.472,1.852
mixed,entropy_threshold,1,2.604,1.78,1.618
mixed,entropy_threshold,8,2.699,1.457,2.056
mixed,entropy_threshold,32,2.683,1.416,2.047
mixed,entropy_threshold,64,2.702,1.424,1.986
mixed,epsilon_greedy,1,1.93,1.806,1.043
mixed,epsilon_greedy,8,2.047,1.688,1.057
mixed,epsilon_greedy,32,2.03,1.54,1.462
mixed,epsilon_greedy,64,1.991,1.501,1.603
mixed,ucb,1,1.758,1.78,0.9
mixed,ucb,8,1.965,1.585,1.395
mixed,ucb,32,1.916,1.345,2.174
mixed,ucb,64,2.027,1.3,2.385
mixed,history,1,1.844,1.742,1.089
mixed,history,8,1.917,1.333,2.41
mixed,history,32,1.878,1.153,3.099
mixed,history,64,1.919,1.149,3.081
mixed,oracle,1,2.624,2.16,0.172
mixed,oracle,8,2.717,1.688,1.273
mixed,oracle,32,2.693,1.471,1.852
mixed,oracle,64,2.715,1.437,1.942
mixed,ucb_coarse,1,2.098,1.733,1.507
mixed,ucb_coarse,8,2.174,1.431,2.184
mixed,ucb_coarse,32,2.175,1.242,2.678
mixed,ucb_coarse,64,2.184,1.231,2.667
mixed,linucb,1,2.134,1.792,1.303
mixed,linucb,8,2.06,1.497,1.783
mixed,linucb,32,2.125,1.251,2.645
mixed,linucb,64,2.143,1.217,2.744
mixed,linucb_explore,1,2.06,1.732,1.425
mixed,linucb_explore,8,2.192,1.601,1.548
mixed,linucb_explore,32,2.167,1.337,2.369
mixed,linucb_explore,64,2.197,1.273,2.543
mixed,linucb_fine,1,2.134,1.81,1.259
mixed,linucb_fine,8,1.822,1.554,1.372
mixed,linucb_fine,32,1.88,1.397,2.072
mixed,linucb_fine,64,1.93,1.35,2.306
