workload,prompt_idx,policy,avg_latency,net_speedup,wasted_tokens_per_accepted
humaneval,0,baseline,3.8376288414001465,1.0,0.0
humaneval,1,baseline,1.5860836505889893,1.0,0.0
humaneval,2,baseline,0.6678595542907715,1.0,0.0
humaneval,3,baseline,1.3027901649475098,1.0,0.0
humaneval,4,baseline,1.1606550216674805,1.0,0.0
humaneval,5,baseline,1.4491386413574219,1.0,0.0
humaneval,6,baseline,1.148686170578003,1.0,0.0
humaneval,7,baseline,0.3465461730957031,1.0,0.0
humaneval,8,baseline,1.3253953456878662,1.0,0.0
humaneval,9,baseline,1.5754454135894775,1.0,0.0
humaneval,10,baseline,1.5868618488311768,1.0,0.0
humaneval,11,baseline,1.5650956630706787,1.0,0.0
humaneval,12,baseline,1.5813581943511963,1.0,0.0
humaneval,13,baseline,1.5484628677368164,1.0,0.0
humaneval,14,baseline,1.6528897285461426,1.0,0.0
humaneval,15,baseline,1.5896334648132324,1.0,0.0
humaneval,16,baseline,1.588869571685791,1.0,0.0
humaneval,17,baseline,1.579538106918335,1.0,0.0
humaneval,18,baseline,1.5559921264648438,1.0,0.0
humaneval,19,baseline,1.5555286407470703,1.0,0.0
humaneval,20,baseline,1.5689239501953125,1.0,0.0
humaneval,21,baseline,1.568824052810669,1.0,0.0
humaneval,22,baseline,1.5628914833068848,1.0,0.0
humaneval,23,baseline,1.5560555458068848,1.0,0.0
humaneval,24,baseline,1.5590763092041016,1.0,0.0
humaneval,25,baseline,1.5822453498840332,1.0,0.0
humaneval,26,baseline,1.5614511966705322,1.0,0.0
humaneval,27,baseline,1.580759048461914,1.0,0.0
humaneval,28,baseline,0.17811298370361328,1.0,0.0
humaneval,29,baseline,1.4604291915893555,1.0,0.0
humaneval,30,baseline,1.5796430110931396,1.0,0.0
humaneval,31,baseline,1.5560812950134277,1.0,0.0
humaneval,32,baseline,1.5860342979431152,1.0,0.0
humaneval,33,baseline,1.313021183013916,1.0,0.0
humaneval,34,baseline,1.5607531070709229,1.0,0.0
humaneval,35,baseline,1.5667724609375,1.0,0.0
humaneval,36,baseline,1.5636377334594727,1.0,0.0
humaneval,37,baseline,1.5829641819000244,1.0,0.0
humaneval,38,baseline,2.0228958129882812,1.0,0.0
humaneval,39,baseline,1.5696995258331299,1.0,0.0
humaneval,40,baseline,1.5804884433746338,1.0,0.0
humaneval,41,baseline,1.5619888305664062,1.0,0.0
humaneval,42,baseline,1.5737147331237793,1.0,0.0
humaneval,43,baseline,1.5779273509979248,1.0,0.0
humaneval,44,baseline,1.5554783344268799,1.0,0.0
humaneval,45,baseline,1.5511868000030518,1.0,0.0
humaneval,46,baseline,1.5628883838653564,1.0,0.0
humaneval,47,baseline,1.5510213375091553,1.0,0.0
humaneval,48,baseline,1.5468323230743408,1.0,0.0
humaneval,49,baseline,1.5655899047851562,1.0,0.0
humaneval,50,baseline,0.831519603729248,1.0,0.0
humaneval,51,baseline,0.9444808959960938,1.0,0.0
humaneval,52,baseline,0.8536365032196045,1.0,0.0
humaneval,53,baseline,1.5552911758422852,1.0,0.0
humaneval,54,baseline,1.5768346786499023,1.0,0.0
humaneval,55,baseline,1.5646154880523682,1.0,0.0
humaneval,56,baseline,1.5556859970092773,1.0,0.0
humaneval,57,baseline,1.569563865661621,1.0,0.0
humaneval,58,baseline,0.7907657623291016,1.0,0.0
humaneval,59,baseline,1.5628142356872559,1.0,0.0
humaneval,60,baseline,0.9473006725311279,1.0,0.0
humaneval,61,baseline,1.561929702758789,1.0,0.0
humaneval,62,baseline,1.5632054805755615,1.0,0.0
humaneval,63,baseline,1.5706067085266113,1.0,0.0
humaneval,64,baseline,1.5823838710784912,1.0,0.0
humaneval,65,baseline,1.5527961254119873,1.0,0.0
humaneval,66,baseline,1.5735478401184082,1.0,0.0
humaneval,67,baseline,1.5829274654388428,1.0,0.0
humaneval,68,baseline,1.5763862133026123,1.0,0.0
humaneval,69,baseline,1.5697777271270752,1.0,0.0
humaneval,70,baseline,1.565399169921875,1.0,0.0
humaneval,71,baseline,1.5729289054870605,1.0,0.0
humaneval,72,baseline,1.5741071701049805,1.0,0.0
humaneval,73,baseline,1.5788969993591309,1.0,0.0
humaneval,74,baseline,1.64713454246521,1.0,0.0
humaneval,75,baseline,1.568678379058838,1.0,0.0
humaneval,76,baseline,1.5932667255401611,1.0,0.0
humaneval,77,baseline,1.5686826705932617,1.0,0.0
humaneval,78,baseline,1.5927281379699707,1.0,0.0
humaneval,79,baseline,1.5723927021026611,1.0,0.0
humaneval,80,baseline,1.5704500675201416,1.0,0.0
humaneval,81,baseline,1.6007287502288818,1.0,0.0
humaneval,82,baseline,1.5777983665466309,1.0,0.0
humaneval,83,baseline,1.5761792659759521,1.0,0.0
humaneval,84,baseline,1.5659313201904297,1.0,0.0
humaneval,85,baseline,1.567340612411499,1.0,0.0
humaneval,86,baseline,1.562997817993164,1.0,0.0
humaneval,87,baseline,1.591036081314087,1.0,0.0
humaneval,88,baseline,1.5795509815216064,1.0,0.0
humaneval,89,baseline,1.577798843383789,1.0,0.0
humaneval,90,baseline,1.5791335105895996,1.0,0.0
humaneval,91,baseline,1.5779399871826172,1.0,0.0
humaneval,92,baseline,1.5764176845550537,1.0,0.0
humaneval,93,baseline,1.5678224563598633,1.0,0.0
humaneval,94,baseline,1.5955557823181152,1.0,0.0
humaneval,95,baseline,1.575730323791504,1.0,0.0
humaneval,96,baseline,1.5695302486419678,1.0,0.0
humaneval,97,baseline,1.5657877922058105,1.0,0.0
humaneval,98,baseline,1.5684192180633545,1.0,0.0
humaneval,99,baseline,1.5701401233673096,1.0,0.0
humaneval,100,baseline,1.5849041938781738,1.0,0.0
humaneval,101,baseline,1.566114902496338,1.0,0.0
humaneval,102,baseline,1.5724806785583496,1.0,0.0
humaneval,103,baseline,1.5745785236358643,1.0,0.0
humaneval,104,baseline,1.5735185146331787,1.0,0.0
humaneval,105,baseline,1.5995535850524902,1.0,0.0
humaneval,106,baseline,1.5889832973480225,1.0,0.0
humaneval,107,baseline,1.5901541709899902,1.0,0.0
humaneval,108,baseline,1.0285224914550781,1.0,0.0
humaneval,109,baseline,1.5890939235687256,1.0,0.0
humaneval,110,baseline,1.579042911529541,1.0,0.0
humaneval,111,baseline,1.5841434001922607,1.0,0.0
humaneval,112,baseline,1.5256683826446533,1.0,0.0
humaneval,113,baseline,1.582728385925293,1.0,0.0
humaneval,114,baseline,1.5736134052276611,1.0,0.0
humaneval,115,baseline,1.5762965679168701,1.0,0.0
humaneval,116,baseline,0.9913837909698486,1.0,0.0
humaneval,117,baseline,1.5871987342834473,1.0,0.0
humaneval,118,baseline,1.5749402046203613,1.0,0.0
humaneval,119,baseline,1.5806074142456055,1.0,0.0
humaneval,120,baseline,1.5781426429748535,1.0,0.0
humaneval,121,baseline,1.5664522647857666,1.0,0.0
humaneval,122,baseline,1.5908286571502686,1.0,0.0
humaneval,123,baseline,1.5790104866027832,1.0,0.0
humaneval,124,baseline,1.5903236865997314,1.0,0.0
humaneval,125,baseline,1.579770803451538,1.0,0.0
humaneval,126,baseline,1.6160342693328857,1.0,0.0
humaneval,127,baseline,1.5780565738677979,1.0,0.0
humaneval,128,baseline,1.5726313591003418,1.0,0.0
humaneval,129,baseline,1.6048178672790527,1.0,0.0
humaneval,130,baseline,1.5824944972991943,1.0,0.0
humaneval,131,baseline,1.5575647354125977,1.0,0.0
humaneval,132,baseline,1.6473667621612549,1.0,0.0
humaneval,133,baseline,1.5771164894104004,1.0,0.0
humaneval,134,baseline,1.588099718093872,1.0,0.0
humaneval,135,baseline,1.5621511936187744,1.0,0.0
humaneval,136,baseline,1.5958013534545898,1.0,0.0
humaneval,137,baseline,1.6014082431793213,1.0,0.0
humaneval,138,baseline,1.569378137588501,1.0,0.0
humaneval,139,baseline,1.5707142353057861,1.0,0.0
humaneval,140,baseline,1.5685064792633057,1.0,0.0
humaneval,141,baseline,1.5705938339233398,1.0,0.0
humaneval,142,baseline,1.1201493740081787,1.0,0.0
humaneval,143,baseline,1.5868196487426758,1.0,0.0
humaneval,144,baseline,1.5789611339569092,1.0,0.0
humaneval,145,baseline,1.580235481262207,1.0,0.0
humaneval,146,baseline,1.5860605239868164,1.0,0.0
humaneval,147,baseline,1.572082281112671,1.0,0.0
humaneval,148,baseline,1.5744922161102295,1.0,0.0
humaneval,149,baseline,1.563713788986206,1.0,0.0
humaneval,150,baseline,1.557511329650879,1.0,0.0
humaneval,151,baseline,1.5835528373718262,1.0,0.0
humaneval,152,baseline,0.5819215774536133,1.0,0.0
humaneval,153,baseline,1.5788369178771973,1.0,0.0
humaneval,154,baseline,1.5583853721618652,1.0,0.0
humaneval,155,baseline,1.5429072380065918,1.0,0.0
humaneval,156,baseline,1.564887523651123,1.0,0.0
humaneval,157,baseline,1.5702259540557861,1.0,0.0
humaneval,158,baseline,1.5566141605377197,1.0,0.0
humaneval,159,baseline,1.5947754383087158,1.0,0.0
humaneval,160,baseline,1.5760669708251953,1.0,0.0
humaneval,161,baseline,1.552220344543457,1.0,0.0
humaneval,162,baseline,1.568915605545044,1.0,0.0
humaneval,163,baseline,1.5653510093688965,1.0,0.0
humaneval,0,fixed_1,3.132239580154419,1.2252028439060054,0.13333333333333333
humaneval,1,fixed_1,3.095099925994873,0.5124499009766758,0.16666666666666666
humaneval,2,fixed_1,2.919337272644043,0.2287709476219208,0.06451612903225806
humaneval,3,fixed_1,2.9014101028442383,0.44901965553590334,0.03125
humaneval,4,fixed_1,3.107574701309204,0.37349223533661247,0.16666666666666666
humaneval,5,fixed_1,2.9418070316314697,0.49260152884798747,0.06451612903225806
humaneval,6,fixed_1,3.177638292312622,0.3614905363385497,0.2413793103448276
humaneval,7,fixed_1,2.998539686203003,0.11557164798926785,0.13333333333333333
humaneval,8,fixed_1,2.8963441848754883,0.45760975253182623,0.06451612903225806
humaneval,9,fixed_1,2.8594534397125244,0.5509603309882413,0.0
humaneval,10,fixed_1,2.9302380084991455,0.5415470839667254,0.06451612903225806
humaneval,11,fixed_1,2.9265358448028564,0.5347946329958962,0.06451612903225806
humaneval,12,fixed_1,3.0093207359313965,0.5254867570178623,0.13333333333333333
humaneval,13,fixed_1,2.9216909408569336,0.5299885919085786,0.06451612903225806
humaneval,14,fixed_1,2.839238166809082,0.5821595905086632,0.0
humaneval,15,fixed_1,3.0452535152435303,0.5220036548208725,0.16666666666666666
humaneval,16,fixed_1,2.9998254776000977,0.5296540027244881,0.0967741935483871
humaneval,17,fixed_1,2.9354982376098633,0.5380817766064898,0.03125
humaneval,18,fixed_1,2.925539493560791,0.5318650217813274,0.06451612903225806
humaneval,19,fixed_1,2.9966986179351807,0.5190807749025087,0.0967741935483871
humaneval,20,fixed_1,2.9471447467803955,0.5323538831641308,0.06451612903225806
humaneval,21,fixed_1,2.930622100830078,0.5353211703297777,0.06451612903225806
humaneval,22,fixed_1,2.926091194152832,0.5341226160107345,0.03125
humaneval,23,fixed_1,3.017275333404541,0.5157154630800996,0.13333333333333333
humaneval,24,fixed_1,2.9942104816436768,0.5206969646129367,0.13333333333333333
humaneval,25,fixed_1,2.8076069355010986,0.563556575486816,0.0
humaneval,26,fixed_1,2.984100818634033,0.5232568507471821,0.0967741935483871
humaneval,27,fixed_1,3.096876382827759,0.5104365990283805,0.16666666666666666
humaneval,28,fixed_1,3.1629981994628906,0.05631144011838473,0.2857142857142857
humaneval,29,fixed_1,2.8392086029052734,0.5143789681726605,0.0
humaneval,30,fixed_1,2.9058725833892822,0.5436036735136932,0.03125
humaneval,31,fixed_1,2.992709159851074,0.5199574071176575,0.0967741935483871
humaneval,32,fixed_1,3.0663161277770996,0.5172442213559035,0.13333333333333333
humaneval,33,fixed_1,3.2948238849639893,0.3985102781990627,0.32142857142857145
humaneval,34,fixed_1,2.8898775577545166,0.5400758599210875,0.03125
humaneval,35,fixed_1,2.8994181156158447,0.5403747919277634,0.06451612903225806
humaneval,36,fixed_1,2.996037006378174,0.5219020092644687,0.0967741935483871
humaneval,37,fixed_1,2.948139190673828,0.5369367182213067,0.03125
humaneval,38,fixed_1,3.282447576522827,0.6162766550962504,0.32142857142857145
humaneval,39,fixed_1,2.82831072807312,0.5549954289861706,0.0
humaneval,40,fixed_1,2.844270706176758,0.5556744088888471,0.0
humaneval,41,fixed_1,3.530337333679199,0.4424474725588203,0.6666666666666666
humaneval,42,fixed_1,2.9183664321899414,0.539245077576795,0.03125
humaneval,43,fixed_1,3.036878824234009,0.5195885125235199,0.13333333333333333
humaneval,44,fixed_1,3.1045725345611572,0.5010281824988033,0.16666666666666666
humaneval,45,fixed_1,3.028809070587158,0.5121441344938729,0.0967741935483871
humaneval,46,fixed_1,2.947789192199707,0.5301900108735705,0.03125
humaneval,47,fixed_1,2.9996602535247803,0.5170656695826177,0.13333333333333333
humaneval,48,fixed_1,3.0124881267547607,0.5134733343300126,0.13333333333333333
humaneval,49,fixed_1,2.9111974239349365,0.5377821139553696,0.03125
humaneval,50,fixed_1,3.00327730178833,0.2768707382545434,0.13333333333333333
humaneval,51,fixed_1,3.003411293029785,0.3144693829273443,0.13333333333333333
