workload,r,load_regime,oracle_task,oracle_load,oracle_content,oracle_joint,oracle_token,combined,best_single_learned,adaptive_headroom_%,load_value_%,content_value_%,complementarity_%,online_capture_%
humaneval,0.1,static_low,2.9471,2.9471,3.0476,3.0476,3.3339,2.8296,2.856,3.4,0.0,3.4,0.0,-117.0
humaneval,0.1,static_high,1.1316,1.1316,1.1316,1.1316,1.1316,1.0998,1.0928,0.0,0.0,0.0,0.0,-3173217578.0
humaneval,0.1,dynamic,1.9337,2.0946,1.9549,2.1247,2.2382,1.9756,1.9862,9.9,8.3,1.1,1.4,22.0
humaneval,0.2,static_low,2.2072,2.2072,2.2448,2.2448,2.516,2.2055,2.1938,1.7,0.0,1.7,0.0,-4.0
humaneval,0.2,static_high,1.1013,1.1013,1.1013,1.1013,1.1013,1.0703,1.0629,0.0,0.0,0.0,0.0,-3107690521.0
humaneval,0.2,dynamic,1.5806,1.7064,1.6186,1.7161,1.834,1.6342,1.6421,8.6,8.0,2.4,0.6,40.0
humaneval,0.5,static_low,1.3582,1.3582,1.3805,1.3805,1.5327,1.3522,1.333,1.6,0.0,1.6,0.0,-27.0
humaneval,0.5,static_high,0.9391,0.9391,0.9391,0.9391,0.9391,0.9087,0.9004,0.0,0.0,0.0,0.0,-3031037110.0
humaneval,0.5,dynamic,1.1399,1.1777,1.1557,1.1923,1.2644,1.1433,1.1168,4.6,3.3,1.4,1.2,6.0
humaneval,0.85,static_low,1.0335,1.0335,1.0347,1.0347,1.0758,1.0097,1.001,0.1,0.0,0.1,0.0,-1888.0
humaneval,0.85,static_high,0.8013,0.8013,0.8013,0.8013,0.8013,0.7709,0.7618,0.0,0.0,0.0,0.0,-3042727532.0
humaneval,0.85,dynamic,0.9424,0.9424,0.9424,0.9435,0.9623,0.8968,0.872,0.1,0.0,0.0,0.1,-3896.0
gsm8k,0.1,static_low,2.2275,2.2275,2.2967,2.2967,2.5331,2.1905,2.1119,3.1,0.0,3.1,0.0,-54.0
gsm8k,0.1,static_high,1.0672,1.0672,1.0672,1.0672,1.0672,1.0308,1.0353,0.0,0.0,0.0,0.0,-3640802515.0
gsm8k,0.1,dynamic,1.5508,1.722,1.649,1.7575,1.8698,1.6365,1.625,13.3,11.0,6.3,2.1,41.0
gsm8k,0.2,static_low,1.7325,1.716,1.8316,1.8316,2.0333,1.788,1.7241,5.7,-1.0,5.7,0.0,56.0
gsm8k,0.2,static_high,1.0386,1.0386,1.0386,1.0386,1.0386,1.0032,1.0035,0.0,0.0,0.0,0.0,-3546339172.0
gsm8k,0.2,dynamic,1.3685,1.4355,1.4206,1.4848,1.5903,1.3971,1.3715,8.5,4.9,3.8,3.4,25.0
gsm8k,0.5,static_low,1.2021,1.2021,1.2439,1.2439,1.3585,1.2139,1.1837,3.5,0.0,3.5,0.0,28.0
gsm8k,0.5,static_high,0.8856,0.8856,0.8856,0.8856,0.8856,0.8515,0.8513,0.0,0.0,0.0,0.0,-3409631325.0
gsm8k,0.5,dynamic,1.0721,1.075,1.0808,1.0948,1.156,1.0413,1.0107,2.1,0.3,0.8,1.3,-136.0
gsm8k,0.85,static_low,0.9746,0.9746,0.9746,0.9746,1.0011,0.9419,0.9366,0.0,0.0,0.0,0.0,-3269667978.0
gsm8k,0.85,static_high,0.7557,0.7557,0.7557,0.7557,0.7557,0.7212,0.7206,0.0,0.0,0.0,0.0,-3452119088.0
gsm8k,0.85,dynamic,0.8891,0.8891,0.8891,0.8891,0.9023,0.8379,0.8051,0.0,0.0,0.0,0.0,-5119846159.0
mt_bench,0.1,static_low,2.0671,2.0671,2.115,2.115,2.3339,2.0894,1.9366,2.3,0.0,2.3,0.0,46.0
mt_bench,0.1,static_high,1.0367,1.0367,1.0367,1.0367,1.0367,1.0,1.0036,0.0,0.0,0.0,0.0,-3666272780.0
mt_bench,0.1,dynamic,1.4739,1.6003,1.5393,1.6308,1.7349,1.5325,1.491,10.6,8.6,4.4,1.9,37.0
mt_bench,0.2,static_low,1.6383,1.6383,1.7281,1.7281,1.9053,1.6839,1.6169,5.5,0.0,5.5,0.0,51.0
mt_bench,0.2,static_high,1.009,1.009,1.009,1.009,1.009,0.9736,0.9762,0.0,0.0,0.0,0.0,-3539205844.0
mt_bench,0.2,dynamic,1.3013,1.3498,1.3432,1.4029,1.4971,1.3225,1.2889,7.8,3.7,3.2,3.9,21.0
mt_bench,0.5,static_low,1.1677,1.1677,1.1991,1.1991,1.3017,1.1615,1.1401,2.7,0.0,2.7,0.0,-20.0
mt_bench,0.5,static_high,0.8603,0.8603,0.8603,0.8603,0.8603,0.8218,0.8276,0.0,0.0,0.0,0.0,-3846917183.0
mt_bench,0.5,dynamic,1.0404,1.0404,1.0432,1.0538,1.1095,1.0004,0.9682,1.3,0.0,0.3,1.0,-298.0
mt_bench,0.85,static_low,0.9468,0.9468,0.9468,0.9468,0.9696,0.9096,0.9121,0.0,0.0,0.0,0.0,-3725012163.0
mt_bench,0.85,static_high,0.7341,0.7341,0.7341,0.7341,0.7341,0.6983,0.7009,0.0,0.0,0.0,0.0,-3579190302.0
mt_bench,0.85,dynamic,0.8631,0.8631,0.8631,0.8631,0.874,0.8106,0.7766,0.0,0.0,0.0,0.0,-5250552926.0
spec_bench,0.1,static_low,2.2262,2.2262,2.2935,2.2935,2.5258,2.1798,2.1291,3.0,0.0,3.0,0.0,-69.0
spec_bench,0.1,static_high,1.0568,1.0568,1.0568,1.0568,1.0568,1.0215,1.0273,0.0,0.0,0.0,0.0,-3531300046.0
spec_bench,0.1,dynamic,1.5251,1.6792,1.5946,1.7082,1.815,1.6046,1.5755,12.0,10.1,4.6,1.7,43.0
spec_bench,0.2,static_low,1.7315,1.7315,1.8167,1.8167,2.0225,1.7777,1.7129,4.9,0.0,4.9,0.0,54.0
spec_bench,0.2,static_high,1.0286,1.0286,1.0286,1.0286,1.0286,0.9936,0.9968,0.0,0.0,0.0,0.0,-3493260546.0
spec_bench,0.2,dynamic,1.3468,1.4025,1.3792,1.4523,1.5532,1.3688,1.3399,7.8,4.1,2.4,3.5,21.0
spec_bench,0.5,static_low,1.1904,1.188,1.2315,1.2315,1.3473,1.2001,1.1807,3.5,-0.2,3.5,0.0,24.0
spec_bench,0.5,static_high,0.877,0.877,0.877,0.877,0.877,0.8411,0.8461,0.0,0.0,0.0,0.0,-3587727469.0
spec_bench,0.5,dynamic,1.0603,1.0569,1.0629,1.0781,1.1378,1.0284,0.9964,1.7,-0.3,0.2,1.4,-179.0
spec_bench,0.85,static_low,0.9652,0.9652,0.9652,0.9652,0.9916,0.932,0.9268,0.0,0.0,0.0,0.0,-3319997882.0
spec_bench,0.85,static_high,0.7484,0.7484,0.7484,0.7484,0.7484,0.7129,0.7142,0.0,0.0,0.0,0.0,-3545112684.0
spec_bench,0.85,dynamic,0.8796,0.8796,0.8796,0.8796,0.8917,0.829,0.7974,0.0,0.0,0.0,0.0,-5057150206.0
